seq_sample_id	screening_id	HbS_gt	Infected	Gametocytes_YN	COI_ama1	monopolyCOI_ama1	COI_sera2	monopolyCOI_sera2	Parasitemia	Pf3D7_02_v3.631190_gt	Pf3D7_11_v3.1058035_gt	pfsa1_vaf	pfsa3_vaf	Village	Season
24118X10	C213_S3	AA	1	0	3	1	4	1	0	0/0	0/0	0.0203619909502262	0.0414201183431953	nkassomo	S3
24118X100	A220_S1	AS	1	0	2	1	2	1	Pf++++	1/1	1/1	0.997637051039698	1	ekokoII	S1
24118X101	A73_S1	AA	0	0	NA	NA	NA	NA	0	NA	NA	NA	NA	nkassomo	S1
24118X103	A274_S1	AA	1	0	3	1	3	1	0	0/1	0/1	0.602285714285714	0.577464788732394	ekokoII	S1
24118X104	A163_S1	AA	1	0	5	1	5	1	Pf++	0/0	0/1	0.0403587443946188	0.0966386554621849	ekokoII	S1
24118X105	A173_S1	AA	1	0	1	0	1	0	Pf++++	0/0	0/0	0.00060064569412118	0	ekokoII	S1
24118X106	A218_S1	AA	0	0	NA	NA	NA	NA	0	NA	NA	NA	NA	ekokoII	S1
24118X107	A223_S1	AA	1	0	2	1	3	1	Pf++	0/1	0/1	0.170250896057348	0.079136690647482	ekokoII	S1
24118X108	A210_S1	AS	1	1	1	0	1	0	Pf++	0/1	1/1	0.890895953757225	1	ekokoII	S1
24118X109	A252_S1	AA	1	0	3	1	4	1	Pf++	0/0	0/0	0.00440852314474651	0.0320197044334975	ekokoII	S1
24118X11	C215_S3	AA	1	1	1	0	NA	NA	0	0/0	0/0	0	0	nkassomo	S3
24118X110	A198_S1	AS	1	0	1	0	1	0	Pf++	1/1	1/1	0.979020979020979	0.964285714285714	ekokoII	S1
24118X111	A209_S1	AA	1	0	3	1	3	1	Pf++	0/1	0/1	0.51466275659824	0.333333333333333	ekokoII	S1
24118X112	A206_S1	AA	1	0	3	1	4	1	0	0/1	0/1	0.291322314049587	0.25	ekokoII	S1
24118X113	A260_S1	AA	1	0	2	1	2	1	Pf+++	0/0	0/1	0.00364605244706212	0.276436303080766	ekokoII	S1
24118X114	A211_S1	AA	0	0	NA	NA	NA	NA	0	NA	NA	NA	NA	ekokoII	S1
24118X115	A270_S1	AA	1	0	1	0	NA	NA	Pf+++	0/0	./.	0.010989010989011	0	ekokoII	S1
24118X116	A245_S1	AS	0	0	NA	NA	NA	NA	Pf+	NA	NA	NA	NA	ekokoII	S1
24118X117	A279_S1	AS	1	0	1	0	1	0	Pf+++	1/1	1/1	0.994594594594595	0.986666666666667	ekokoII	S1
24118X118	A302_S1	AA	1	0	2	1	2	1	Pf+++	0/1	0/1	0.637203166226913	0.743589743589744	metet	S1
24118X119	A268_S1	AA	1	0	3	1	4	1	Pf+++	0/0	0/0	0	0	ekokoII	S1
24118X12	C216_S3	AA	1	0	NA	NA	1	0	Pf+++	0/1	0/1	0.310344827586207	0.375	nkassomo	S3
24118X120	A213_S1	AA	1	1	3	1	2	1	Pf++++	0/1	0/1	0.751585014409222	0.772594752186589	ekokoII	S1
24118X121	A294_S1	AS	1	0	5	1	4	1	Pf++	1/1	1/1	0.981788079470199	0.996197718631179	ekokoII	S1
24118X122	A314_S1	AA	1	0	2	1	1	0	Pf++	0/0	0/0	0.000563221627710504	0.0376850605652759	metet	S1
24118X123	A200_S1	AA	1	0	2	1	1	0	Pf+	0/0	0/1	0.00649350649350649	0.111111111111111	ekokoII	S1
24118X124	A326_S1	AA	1	0	2	1	3	1	Pf++	0/0	0/0	0.00217548948513416	0.0099009900990099	metet	S1
24118X125	A256_S1	AA	0	0	NA	NA	NA	NA	0	NA	NA	NA	NA	ekokoII	S1
24118X126	A280_S1	AA	1	0	2	1	2	1	Pf+	0/0	0/0	0.0334190231362468	0.0240963855421687	ekokoII	S1
24118X127	A253_S1	AA	1	0	3	1	2	1	Pf++	0/1	0/1	0.548797736916549	0.748031496062992	ekokoII	S1
24118X128	A282_S1	AS	1	0	2	1	2	1	Pf+++	0/1	1/1	0.897727272727273	0.985611510791367	ekokoII	S1
24118X129	A203_S1	AS	0	0	NA	NA	NA	NA	Pf++	NA	NA	NA	NA	ekokoII	S1
24118X13	C217_S3	AS	0	0	NA	NA	NA	NA	0	NA	NA	NA	NA	nkassomo	S3
24118X130	E107_S1	AA	0	0	NA	NA	NA	NA	Pf+	NA	NA	NA	NA	mfida	S1
24118X131	A289_S1	AS	0	0	NA	NA	NA	NA	Pf++	NA	NA	NA	NA	ekokoII	S1
24118X132	A255_S1	AA	1	0	2	1	1	0	Pf++++	0/0	0/0	0.000274612110394068	0	ekokoII	S1
24118X133	A361_S1	AS	1	0	3	1	1	0	Pf+	1/1	1/1	0.977272727272727	0.991031390134529	koumouI	S1
24118X134	A258_S1	AA	1	0	4	1	4	1	Pf++	0/1	0/1	0.148455162019593	0.332116788321168	ekokoII	S1
24118X137	A231_S1	AA	0	0	NA	NA	NA	NA	0	NA	NA	NA	NA	ekokoII	S1
24118X138	A201_S1	AA	1	0	1	0	3	1	Pf+	0/1	0/1	0.0862944162436548	0.333333333333333	ekokoII	S1
24118X14	C219_S3	AS	1	0	3	1	3	1	0	1/1	1/1	0.991202346041056	1	nkassomo	S3
24118X140	A214_S1	AS	1	0	2	1	1	0	Pf+++	1/1	1/1	0.998422298185643	0.999223602484472	ekokoII	S1
24118X141	A212_S1	AA	1	0	1	0	2	1	Pf+	0/1	0/0	0.100671140939597	0	ekokoII	S1
24118X142	A316_S1	AA	1	0	4	1	4	1	Pf+	0/0	0/1	0.0344722391702257	0.381944444444444	metet	S1
24118X144	A291_S1	AA	0	1	NA	NA	NA	NA	Pf++	NA	NA	NA	NA	ekokoII	S1
24118X145	A243_S1	AA	1	0	1	0	1	0	0	0/1	0/1	0.806122448979592	0.816326530612245	ekokoII	S1
24118X146	A343_S1	AA	1	0	2	1	2	1	Pf++	0/0	0/1	0.0398481973434535	0.196078431372549	metet	S1
24118X148	A347_S1	AA	1	0	2	1	2	1	Pf++	0/0	0/0	0.031767955801105	0.0540540540540541	metet	S1
24118X149	A319_S1	AA	1	0	5	1	5	1	Pf++	0/1	0/1	0.142857142857143	0.163934426229508	metet	S1
24118X15	C220_S3	AA	1	1	1	0	1	0	Pf+	0/0	0/0	0.00606060606060606	0	nkassomo	S3
24118X151	A363_S1	AA	0	0	NA	NA	NA	NA	Pf++	NA	NA	NA	NA	koumouI	S1
24118X152	A317_S1	AS	1	0	1	0	1	0	0	1/1	1/1	0.980694980694981	0.99438202247191	metet	S1
24118X153	A318_S1	AA	1	0	5	1	4	1	0	0/0	0/0	0.00334448160535117	0.00476190476190476	metet	S1
24118X154	A383_S1	AA	1	0	1	0	1	0	Pf++	0/0	0/0	0.0730126236779256	0.00555555555555556	koumouI	S1
24118X155	A395_S1	AS	1	0	2	1	1	0	Pf++	0/0	1/1	0.032258064516129	0.996575342465753	koumouI	S1
24118X156	A313_S1	AA	1	0	5	1	3	1	Pf+++	0/1	0/1	0.278699581815729	0.372128637059724	metet	S1
24118X157	A384_S1	AA	1	0	3	1	4	1	Pf+++	0/0	0/0	0.00940975192472198	0.0772727272727273	koumouI	S1
24118X158	A341_S1	AA	1	1	NA	NA	NA	NA	Pf+	0/0	0/0	0.0441176470588235	0	metet	S1
24118X159	A457_S1	AA	1	0	4	1	5	1	0	0/1	0/1	0.513274336283186	0.907514450867052	adoum	S1
24118X16	C221_S3	AS	0	0	NA	NA	NA	NA	Pf+	NA	NA	NA	NA	metet	S3
24118X160	A396_S1	AA	1	1	1	0	2	1	Pf+	0/1	0/1	0.230061349693252	0.326923076923077	koumouI	S1
24118X162	A397_S1	AA	1	0	1	0	3	1	Pf++	0/0	0/0	0.0540540540540541	0.037037037037037	koumouI	S1
24118X163	A385_S1	AA	1	0	4	1	4	1	Pf++	0/0	0/0	0.00109809663250366	0.00732600732600733	koumouI	S1
24118X164	A362_S1	AS	0	0	NA	NA	NA	NA	0	NA	NA	NA	NA	koumouI	S1
24118X165	A328_S1	AA	1	0	1	0	1	0	Pf+++	0/0	0/0	0.000186555562465021	0	metet	S1
24118X166	A421_S1	AA	1	1	3	1	3	1	Pf+	0/1	0/1	0.253430185633575	0.404761904761905	koumouI	S1
24118X167	A339_S1	AS	1	0	3	1	3	1	Pf+	1/1	1/1	0.955094991364421	0.983606557377049	metet	S1
24118X168	A453_S1	AS	1	0	NA	NA	1	0	0	1/1	./.	0.991869918699187	1	adoum	S1
24118X169	A441_S1	AS	1	0	1	0	1	0	Pf+++	1/1	1/1	0.936416184971098	0.985714285714286	adoum	S1
24118X17	C222_S3	AS	0	0	NA	NA	NA	NA	0	NA	NA	NA	NA	metet	S3
24118X170	A494_S1	AS	1	0	3	1	3	1	Pf+++	0/1	1/1	0.8192	1	ndangueng	S1
24118X171	A320_S1	AA	1	1	3	1	4	1	Pf++	0/0	0/0	0.0160124698880544	0.0271270036991369	metet	S1
24118X172	B81_S1	AA	1	0	2	1	1	0	0	0/1	0/1	0.19774011299435	0.391304347826087	mekomba	S1
24118X173	A504_S1	AA	1	0	2	1	7	1	Pf++	0/0	0/1	0.0234375	0.261146496815287	ndangueng	S1
24118X174	A493_S1	AA	1	1	NA	NA	1	0	Pf+	0/0	0/0	0	0.0769230769230769	ndangueng	S1
24118X175	A481_S1	AS	1	0	3	1	2	1	Pf++	1/1	1/1	0.974241264983423	0.998726114649682	ndangueng	S1
24118X176	A505_S1	AA	1	0	3	1	3	1	Pf+	0/1	0/1	0.146021840873635	0.268897149938042	ndangueng	S1
24118X178	A483_S1	AA	1	1	5	1	4	1	Pf+++	0/1	0/1	0.156474820143885	0.222222222222222	ndangueng	S1
24118X179	A404_S1	AA	1	0	2	1	3	1	Pf+++	0/1	0/1	0.602370689655172	0.676470588235294	koumouI	S1
24118X18	A275_S1	AA	1	1	3	1	4	1	Pf++	0/0	0/0	0.0714285714285714	0	ekokoII	S1
24118X180	A376_S1	AA	1	0	NA	NA	1	0	Pf+++	0/1	0/1	0.48780487804878	0.277777777777778	koumouI	S1
24118X182	A351_S1	AA	1	0	3	1	4	1	Pf++	0/0	0/1	0.00193298969072165	0.225888324873096	metet	S1
24118X184	A495_S1	AA	0	1	NA	NA	NA	NA	Pf+	NA	NA	NA	NA	ndangueng	S1
24118X185	A452_S1	AA	1	1	4	1	4	1	Pf+++	0/1	0/1	0.0799347471451876	0.152777777777778	adoum	S1
24118X186	A336_S1	AA	1	1	3	1	3	1	Pf++	0/0	0/1	0.00807754442649435	0.181818181818182	metet	S1
24118X187	A492_S1	AS	0	0	NA	NA	NA	NA	0	NA	NA	NA	NA	ndangueng	S1
24118X188	A506_S1	AA	1	0	NA	NA	NA	NA	0	0/1	0/1	0.185185185185185	0.583333333333333	ndangueng	S1
24118X190	A388_S1	AA	0	0	NA	NA	NA	NA	0	NA	NA	NA	NA	koumouI	S1
24118X191	A402_S1	AA	1	0	1	0	1	0	Pf+++	1/1	1/1	0.98956780923994	0.998110533774209	koumouI	S1
24118X195	A250_S2	AA	1	0	4	1	3	1	Pf++++	0/1	0/1	0.311752010986855	0.298797409805735	koumouI	S2
24118X196	A251_S2	AA	1	1	NA	NA	1	0	Pf+	0/0	0/0	0.0487804878048781	0	koumouI	S2
24118X197	A252_S2	AA	1	0	2	1	3	1	Pf++	0/1	0/1	0.231619413743393	0.18960244648318	koumouI	S2
24118X198	A135_S2	SS	1	0	1	0	1	0	0	1/1	./.	0.990243902439024	0.75	ekokoII	S2
24118X199	A54_S2	AA	1	0	2	1	3	1	Pf+	0/0	0/0	0.0962800875273523	0	mekomba	S2
24118X20	A391_S1	AS	1	1	3	1	4	1	Pf+	1/1	1/1	0.992112482853224	1	koumouI	S1
24118X200	A255_S2	AA	1	0	1	0	1	0	Pf++	1/1	1/1	0.973920704845815	0.986486486486487	koumouI	S2
24118X201	A256_S2	AA	1	0	3	1	3	1	Pf+++	0/1	0/1	0.333333333333333	0.155778894472362	koumouI	S2
24118X202	A257_S2	AA	1	0	3	1	4	1	Pf++++	0/1	0/1	0.697770521912147	0.862135922330097	koumouI	S2
24118X203	A258_S2	AA	1	0	5	1	4	1	Pf+++	0/1	0/1	0.145773357759749	0.129268292682927	koumouI	S2
24118X204	A259_S2	AS	1	0	1	0	1	0	0	0/0	1/1	0.00997920997920998	0.993197278911565	koumouI	S2
24118X205	A260_S2	AS	1	0	2	1	2	1	Pf+++	1/1	1/1	0.996306203031461	0.996613039796782	koumouI	S2
24118X206	A261_S2	AS	1	1	2	1	2	1	Pf++	0/1	0/1	0.790331196581197	0.790149892933619	koumouI	S2
24118X207	A262_S2	AA	1	0	4	1	2	1	Pf+++	0/0	0/1	0.0296110584089985	0.337349397590361	koumouI	S2
24118X208	A263_S2	AA	1	0	4	1	5	1	0	0/0	0/1	0.0643910007757952	0.202185792349727	koumouI	S2
24118X209	A3_S3	AA	1	1	3	1	4	1	Pf+++	0/1	0/1	0.461215932914046	0.307984790874525	ekokoII	S3
24118X21	A398_S1	AA	0	1	NA	NA	NA	NA	Pf++	NA	NA	NA	NA	koumouI	S1
24118X210	A4_S3	AA	1	0	2	1	2	1	Pf++	0/1	0/1	0.101101101101101	0.707920792079208	ekokoII	S3
24118X211	A5_S3	AS	0	0	NA	NA	NA	NA	Pf+	NA	NA	NA	NA	ekokoII	S3
24118X212	A6_S3	AA	1	0	4	1	2	1	0	0/1	0/1	0.196850393700787	0.497907949790795	ekokoII	S3
24118X213	A7_S3	AA	1	0	2	1	1	0	Pf+	0/0	0/0	0.00194174757281553	0.0284090909090909	ekokoII	S3
24118X214	A8_S3	AA	1	0	2	1	2	1	Pf++	0/0	0/0	0.0233516483516484	0.0308008213552361	ekokoII	S3
24118X215	A9_S3	AS	1	0	2	1	1	0	0	1/1	1/1	0.980340063761955	0.997289972899729	ekokoII	S3
24118X216	A10_S3	AS	0	0	NA	NA	NA	NA	Pf+	NA	NA	NA	NA	ekokoII	S3
24118X217	A11_S3	AA	0	0	NA	NA	NA	NA	Pf+	NA	NA	NA	NA	ekokoII	S3
24118X218	A12_S3	AA	0	0	NA	NA	NA	NA	0	NA	NA	NA	NA	ekokoII	S3
24118X219	A13_S3	AA	0	0	NA	NA	NA	NA	0	NA	NA	NA	NA	ekokoII	S3
24118X22	B143_S1	AS	0	1	NA	NA	NA	NA	Pf+	NA	NA	NA	NA	ekokoII	S1
24118X220	A14_S3	AA	1	0	3	1	3	1	Pf+++	0/0	0/1	0.00205761316872428	0.112903225806452	ekokoII	S3
24118X221	A15_S3	AS	1	0	1	0	1	0	Pf+	1/1	1/1	0.977272727272727	1	ekokoII	S3
24118X222	A16_S3	AA	0	0	NA	NA	NA	NA	0	NA	NA	NA	NA	ekokoII	S3
24118X223	A17_S3	AS	1	0	2	1	1	0	Pf+++	1/1	1/1	0.997814207650273	0.997338065661047	ekokoII	S3
24118X224	A18_S3	AA	1	0	NA	NA	NA	NA	0	0/1	./.	0.744186046511628	0.857142857142857	ekokoII	S3
24118X225	A264_S2	AA	1	0	1	0	1	0	Pf+++	0/0	0/0	0.0354454964797281	0.0150375939849624	koumouI	S2
24118X226	A265_S2	AA	1	0	5	1	4	1	Pf++	0/1	0/1	0.211527035056447	0.663978494623656	koumouI	S2
24118X227	A266_S2	AA	1	0	4	1	4	1	Pf+++	0/0	0/0	0.0602639805488017	0.0484189723320158	koumouI	S2
24118X228	A267_S2	AA	1	0	2	1	2	1	Pf++	0/0	0/0	0.0108303249097473	0	koumouI	S2
24118X229	A268_S2	AA	1	0	2	1	5	1	Pf+++	0/0	0/1	0.0681003584229391	0.188235294117647	koumouI	S2
24118X23	B217_S1	AA	1	1	1	0	2	1	Pf++	0/1	0/1	0.218934911242604	0.184	ekokoII	S1
24118X230	A269_S2	AA	1	1	3	1	3	1	Pf+++	0/0	0/0	0.0517879161528977	0.0508259212198221	koumouI	S2
24118X231	A270_S2	AS	1	0	2	1	2	1	Pf+	1/1	1/1	0.966671739461269	0.969298245614035	koumouI	S2
24118X232	A271_S2	AS	1	0	4	1	4	1	0	1/1	1/1	0.98403559277676	0.999431818181818	koumouI	S2
24118X233	A272_S2	AA	1	0	3	1	2	1	Pf+++	0/1	0/1	0.104251012145749	0.296066252587992	koumouI	S2
24118X234	A273_S2	AA	1	0	3	1	2	1	Pf+	0/1	0/1	0.356466876971609	0.360824742268041	koumouI	S2
24118X235	A274_S2	AA	1	0	1	0	1	0	Pf++	0/0	0/0	0.00129515038134983	0.00698080279232112	koumouI	S2
24118X236	A275_S2	AA	0	0	NA	NA	NA	NA	Pf+	NA	NA	NA	NA	koumouI	S2
24118X237	A276_S2	AA	1	0	2	1	2	1	Pf++	0/0	0/0	0.0138888888888889	0.0745428973277075	koumouI	S2
24118X238	A277_S2	AA	1	0	2	1	2	1	Pf++++	0/1	0/0	0.203472731719247	0.0816430020283976	koumouI	S2
24118X239	A1_S3	AA	0	0	NA	NA	NA	NA	Pf+	NA	NA	NA	NA	ekokoII	S3
24118X24	B293_S1	AS	1	1	1	0	1	0	Pf+++	1/1	0/1	0.943801988232907	0.901408450704225	koumouI	S1
24118X240	A2_S3	AA	1	0	1	0	1	0	0	0/1	./.	0.340659340659341	0	ekokoII	S3
24118X241	A19_S3	AS	1	0	NA	NA	1	0	0	0/0	./.	0.00793650793650794	0.333333333333333	ekokoII	S3
24118X242	A20_S3	AS	1	0	NA	NA	NA	NA	0	0/1	./.	0.418410041841004	0.5	ekokoII	S3
24118X243	A21_S3	AA	1	0	NA	NA	NA	NA	Pf+	0/1	./.	0.459016393442623	0	ekokoII	S3
24118X244	A22_S3	AA	1	0	2	1	3	1	Pf+	0/1	0/1	0.329294369208838	0.341743119266055	ekokoII	S3
24118X245	A23_S3	AS	1	0	1	0	1	0	0	0/1	0/1	0.741935483870968	0.896551724137931	ekokoII	S3
24118X246	A24_S3	AA	0	0	NA	NA	NA	NA	Pf+	NA	NA	NA	NA	ekokoII	S3
24118X247	A25_S3	AA	0	0	NA	NA	NA	NA	0	NA	NA	NA	NA	ekokoII	S3
24118X248	A26_S3	AA	1	0	1	0	2	1	Pf+++	0/1	0/1	0.621327640540815	0.869739478957916	ekokoII	S3
24118X249	A27_S3	AA	1	0	5	1	4	1	0	0/1	0/0	0.0920245398773006	0.0168067226890756	ekokoII	S3
24118X25	B323_S1	AA	1	1	2	1	2	1	Pf++	1/1	0/1	0.992089278146631	0.353646353646354	koumouI	S1
24118X250	A28_S3	AS	1	0	2	1	2	1	Pf+	0/1	1/1	0.224465558194774	0.98936170212766	ekokoII	S3
24118X251	A29_S3	AA	1	0	2	1	1	0	Pf+	0/1	0/1	0.204918032786885	0.428571428571429	ekokoII	S3
24118X252	A30_S3	AA	0	0	NA	NA	NA	NA	0	NA	NA	NA	NA	ekokoII	S3
24118X253	A31_S3	AA	1	0	3	1	2	1	Pf+	0/0	0/1	0.0027359781121751	0.131805157593123	ekokoII	S3
24118X254	A32_S3	AA	1	0	2	1	2	1	Pf+	0/0	0/0	0.0269360269360269	0	ekokoII	S3
24118X255	A33_S3	AA	1	0	1	0	1	0	Pf+	0/0	0/0	0.0307429547395389	0.0385964912280702	ekokoII	S3
24118X256	A34_S3	AA	1	0	2	1	4	1	Pf+	0/0	0/1	0.00563380281690141	0.157894736842105	ekokoII	S3
24118X257	A52_S3	AA	1	0	NA	NA	1	0	Pf++	0/1	0/1	0.201716738197425	0.318181818181818	ekokoII	S3
24118X258	A53_S3	AA	1	0	3	1	3	1	Pf+++	0/0	0/1	0.034278180619644	0.119540229885057	ekokoII	S3
24118X259	A54_S3	AA	1	1	1	0	1	0	0	0/1	0/0	0.434210526315789	0	ekokoII	S3
24118X26	B368_S1	AA	1	0	3	1	3	1	0	0/0	0/0	0.0053475935828877	0	adoum	S1
24118X260	A55_S3	AA	1	0	4	1	2	1	Pf+++	0/0	0/0	0.0131430186546071	0.0181956027293404	ekokoII	S3
24118X261	A56_S3	AA	0	0	NA	NA	NA	NA	0	NA	NA	NA	NA	ekokoII	S3
24118X262	A57_S3	AA	1	0	4	1	4	1	Pf++	0/1	0/1	0.109207708779443	0.121951219512195	ekokoII	S3
24118X263	A58_S3	AA	1	0	2	1	2	1	Pf++	0/0	0/1	0.0210304942166141	0.419463087248322	ekokoII	S3
24118X264	A59_S3	AA	1	0	NA	NA	NA	NA	0	0/1	0/1	0.425373134328358	0.384615384615385	ekokoII	S3
24118X265	A60_S3	AA	0	0	NA	NA	NA	NA	Pf++	NA	NA	NA	NA	ekokoII	S3
24118X266	A61_S3	AA	1	0	3	1	3	1	0	0/1	0/1	0.0936949630151462	0.717208182912154	ekokoII	S3
24118X267	A62_S3	AA	1	0	1	0	1	0	Pf+++	1/1	1/1	0.903288201160542	1	ekokoII	S3
24118X268	A63_S3	AA	0	0	NA	NA	NA	NA	0	NA	NA	NA	NA	ekokoII	S3
24118X269	A64_S3	AS	1	0	1	0	1	0	0	0/1	1/1	0.852534562211982	0.98	ekokoII	S3
24118X270	A65_S3	AA	0	0	NA	NA	NA	NA	0	NA	NA	NA	NA	ekokoII	S3
24118X271	A66_S3	AA	1	0	1	0	1	0	0	0/0	0/0	0.00115473441108545	0.0117647058823529	ekokoII	S3
24118X272	A67_S3	AA	0	0	NA	NA	NA	NA	Pf+	NA	NA	NA	NA	ekokoII	S3
24118X273	A35_S3	AS	0	0	NA	NA	NA	NA	0	NA	NA	NA	NA	ekokoII	S3
24118X274	A36_S3	AA	0	0	NA	NA	NA	NA	0	NA	NA	NA	NA	ekokoII	S3
24118X275	A37_S3	AA	0	0	NA	NA	NA	NA	0	NA	NA	NA	NA	ekokoII	S3
24118X276	A38_S3	AA	0	0	NA	NA	NA	NA	0	NA	NA	NA	NA	ekokoII	S3
24118X278	A40_S3	AA	1	0	2	1	2	1	0	0/1	0/1	0.143856143856144	0.152993348115299	ekokoII	S3
24118X279	A41_S3	AA	0	0	NA	NA	NA	NA	0	NA	NA	NA	NA	ekokoII	S3
24118X28	B411_S1	AS	1	1	3	1	3	1	Pf++	0/1	1/1	0.746719681908549	0.997854077253219	ndangueng	S1
24118X280	A42_S3	AS	0	0	NA	NA	NA	NA	Pf+	NA	NA	NA	NA	ekokoII	S3
24118X281	A43_S3	AS	1	0	2	1	3	1	Pf+++	0/1	1/1	0.531121469701124	0.984326018808777	ekokoII	S3
24118X282	A44_S3	AA	1	0	1	0	1	0	Pf+	1/1	1/1	0.995140388768899	1	ekokoII	S3
24118X283	A46_S3	AA	1	0	2	1	4	1	Pf++	0/1	0/1	0.19690199582961	0.23	ekokoII	S3
24118X284	A47_S3	AA	1	0	NA	NA	NA	NA	0	0/1	./.	0.762376237623762	NA	ekokoII	S3
24118X285	A48_S3	AA	1	0	2	1	1	0	Pf+++	0/0	0/0	0.00423472474289171	0.00454545454545455	ekokoII	S3
24118X286	A49_S3	AA	0	0	NA	NA	NA	NA	0	NA	NA	NA	NA	ekokoII	S3
24118X287	A50_S3	AA	0	0	NA	NA	NA	NA	0	NA	NA	NA	NA	ekokoII	S3
24118X288	A51_S3	AS	1	0	2	1	2	1	Pf++	1/1	1/1	0.988963113563753	0.987987987987988	ekokoII	S3
24118X29	C145_S1	AA	1	1	2	1	3	1	Pf+++	0/1	0/0	0.575039494470774	0.00308641975308642	ekokoII	S1
24118X291	A311_S1	AA	1	0	4	1	4	1	Pf+++	0/0	0/0	0.0235294117647059	0.008	metet	S1
24118X292	A366_S1	AA	0	0	NA	NA	NA	NA	0	NA	NA	NA	NA	koumouI	S1
24118X293	A369_S1	AA	0	0	NA	NA	NA	NA	Pf+++	NA	NA	NA	NA	koumouI	S1
24118X295	A338_S1	AA	1	0	1	0	3	1	Pf+	0/1	0/1	0.227979274611399	0.333333333333333	metet	S1
24118X297	A503_S1	AA	1	0	1	0	1	0	Pf+++	0/0	0/0	0.00175541252194266	0.00869565217391304	ndangueng	S1
24118X299	A353_S1	AA	1	0	NA	NA	NA	NA	Pf+	0/1	0/1	0.25	0.25	metet	S1
24118X3	C206_S3	AA	0	0	NA	NA	NA	NA	Pf+	NA	NA	NA	NA	nkassomo	S3
24118X300	A482_S1	AA	0	0	NA	NA	NA	NA	0	NA	NA	NA	NA	ndangueng	S1
24118X301	A502_S1	AA	1	0	1	0	2	1	Pf++	0/1	0/1	0.786885245901639	0.851851851851852	ndangueng	S1
24118X302	A442_S1	AS	1	0	4	1	3	1	Pf+	1/1	1/1	0.991291177584248	1	adoum	S1
24118X303	A491_S1	AA	1	1	NA	NA	1	0	Pf++	0/1	0/1	0.4	0.176470588235294	ndangueng	S1
24118X304	A451_S1	AA	1	0	3	1	3	1	Pf+	0/0	0/1	0.0325101594248203	0.168316831683168	adoum	S1
24118X305	A465_S1	AS	0	0	NA	NA	NA	NA	Pf++	NA	NA	NA	NA	adoum	S1
24118X306	B82_S1	AS	0	0	NA	NA	NA	NA	0	NA	NA	NA	NA	mekomba	S1
24118X308	A348_S1	AA	1	0	5	1	3	1	Pf++	0/0	0/0	0.028735632183908	0.0125523012552301	metet	S1
24118X31	C253_S1	AS	1	1	1	0	1	0	Pf+++	1/1	1/1	0.95	0.980769230769231	koumouI	S1
24118X310	B61_S1	AA	1	0	3	1	3	1	Pf++	0/0	0/0	0.0318740399385561	0.0273224043715847	nkassomo	S1
24118X311	A412_S1	AA	0	0	NA	NA	NA	NA	0	NA	NA	NA	NA	koumouI	S1
24118X312	A484_S1	AA	1	0	NA	NA	2	1	Pf++	0/0	0/1	0.0555555555555556	0.580645161290323	ndangueng	S1
24118X314	B42_S1	AA	1	0	NA	NA	NA	NA	0	0/0	0/0	0.0267857142857143	0.0769230769230769	nkassomo	S1
24118X315	A496_S1	AA	0	0	NA	NA	NA	NA	0	NA	NA	NA	NA	ndangueng	S1
24118X316	A425_S1	AA	0	0	NA	NA	NA	NA	0	NA	NA	NA	NA	koumouI	S1
24118X317	B50_S1	AA	1	0	2	1	2	1	0	0/0	0/0	0.00657894736842105	0	nkassomo	S1
24118X318	A459_S1	AA	1	0	3	1	3	1	Pf++	0/0	0/0	0.00462962962962963	0	adoum	S1
24118X319	A497_S1	AA	0	1	NA	NA	NA	NA	Pf++	NA	NA	NA	NA	ndangueng	S1
24118X32	C399_S1	AS	0	1	NA	NA	NA	NA	Pf++	NA	NA	NA	NA	nsimalen	S1
24118X320	A498_S1	AA	1	1	2	1	3	1	Pf+++	0/1	0/1	0.298361157910859	0.32258064516129	ndangueng	S1
24118X321	B116_S1	AA	1	0	5	1	5	1	Pf++	0/1	0/1	0.35206177098735	0.416666666666667	mekomba	S1
24118X323	B83_S1	AA	0	0	NA	NA	NA	NA	Pf++	NA	NA	NA	NA	mekomba	S1
24118X324	A486_S1	AA	1	0	2	1	2	1	Pf+++	0/0	0/0	0.0780141843971631	0	ndangueng	S1
24118X325	B118_S1	AA	1	0	2	1	2	1	Pf+++	0/0	0/0	0.00529723366686286	0.00451467268623025	mekomba	S1
24118X326	B85_S1	AA	1	0	1	0	1	0	Pf++	0/0	0/0	0.0154021677124929	0.0186046511627907	mekomba	S1
24118X327	B158_S1	AS	1	0	1	0	1	0	Pf++++	1/1	1/1	0.974047487575925	0.995495495495496	ekokoII	S1
24118X328	B146_S1	AA	1	0	3	1	3	1	Pf+	0/0	0/1	0.0330188679245283	0.684210526315789	ekokoII	S1
24118X329	A448_S1	AS	0	0	NA	NA	NA	NA	Pf+	NA	NA	NA	NA	adoum	S1
24118X33	C404_S1	AA	1	1	2	1	1	0	0	0/0	0/0	0.0136054421768707	0	nsimalen	S1
24118X330	B216_S1	AA	1	0	3	1	3	1	Pf+++	0/0	0/0	0.0124137931034483	0.0212765957446809	ekokoII	S1
24118X331	B104_S1	AA	1	0	1	0	1	0	Pf+++	0/0	0/1	0.00465800441284629	0.900684931506849	mekomba	S1
24118X333	B192_S1	AA	0	0	NA	NA	NA	NA	0	NA	NA	NA	NA	ekokoII	S1
24118X334	A499_S1	AA	0	1	NA	NA	NA	NA	Pf+++	NA	NA	NA	NA	ndangueng	S1
24118X335	A487_S1	AA	1	0	3	1	1	0	0	0/0	0/1	0.0540540540540541	0.125	ndangueng	S1
24118X336	A426_S1	AS	1	0	1	0	2	1	0	0/0	0/1	0.018348623853211	0.818181818181818	koumouI	S1
24118X337	B202_S1	AA	1	0	2	1	2	1	Pf+++	0/1	0/1	0.09875173370319	0.177745664739884	ekokoII	S1
24118X338	B93_S1	AA	1	0	5	1	3	1	Pf+++	0/0	0/0	0.0126165660998354	0	mekomba	S1
24118X339	B207_S1	AA	1	0	2	1	2	1	Pf++	0/0	0/1	0.0481115107913669	0.0930232558139535	ekokoII	S1
24118X34	C413_S1	AA	1	1	1	0	2	1	Pf+++	0/0	0/0	0.00221320545924013	0	nsimalen	S1
24118X340	B193_S1	AS	1	0	2	1	1	0	Pf++++	1/1	1/1	0.998683729433272	0.998683344305464	ekokoII	S1
24118X341	A416_S1	AS	1	0	3	1	4	1	0	0/1	1/1	0.498493975903614	0.950354609929078	koumouI	S1
24118X342	A449_S1	AA	1	0	1	0	1	0	Pf+++	0/0	0/0	0.00137274640798023	0.00219058050383352	adoum	S1
24118X343	A427_S1	AS	1	0	2	1	4	1	Pf++	0/1	1/1	0.472647702407002	0.981481481481482	koumouI	S1
24118X344	A415_S1	AS	0	0	NA	NA	NA	NA	0	NA	NA	NA	NA	koumouI	S1
24118X345	B189_S1	AA	1	0	3	1	4	1	Pf+++	0/0	0/1	0.0376506024096386	0.0845070422535211	ekokoII	S1
24118X346	B204_S1	AA	0	0	NA	NA	NA	NA	0	NA	NA	NA	NA	ekokoII	S1
24118X347	B215_S1	AA	0	0	NA	NA	NA	NA	0	NA	NA	NA	NA	ekokoII	S1
24118X348	B201_S1	AA	1	1	3	1	2	1	Pf+++	0/0	0/0	0.0986994334955717	0.002460024600246	ekokoII	S1
24118X349	B195_S1	AA	1	0	3	1	4	1	Pf++	0/0	0/1	0.050058207217695	0.374358974358974	ekokoII	S1
24118X35	D11_S1	AA	1	0	2	1	2	1	0	1/1	1/1	0.937586685159501	0.989690721649485	nsimalen	S1
24118X350	B147_S1	AA	0	1	NA	NA	NA	NA	Pf+	NA	NA	NA	NA	ekokoII	S1
24118X351	B183_S1	AA	1	0	4	1	3	1	Pf++	0/0	0/0	0.0501385739480978	0.0499108734402852	ekokoII	S1
24118X352	B190_S1	AA	0	0	NA	NA	NA	NA	Pf+	NA	NA	NA	NA	ekokoII	S1
24118X353	B95_S1	AA	1	0	4	1	3	1	Pf+	0/1	0/1	0.560295060936498	0.466666666666667	mekomba	S1
24118X354	B103_S1	AA	1	0	1	0	1	0	Pf++	0/0	0/0	0.0100574712643678	0	mekomba	S1
24118X355	B194_S1	AA	1	0	2	1	3	1	0	0/0	0/0	0.0666666666666667	0	ekokoII	S1
24118X356	B182_S1	AA	0	0	NA	NA	NA	NA	Pf+	NA	NA	NA	NA	ekokoII	S1
24118X357	B208_S1	AS	1	1	1	0	1	0	Pf+++	1/1	1/1	0.998575949367089	0.998696219035202	ekokoII	S1
24118X358	B155_S1	AS	1	1	4	1	3	1	Pf+	0/1	1/1	0.889460154241645	1	ekokoII	S1
24118X359	B117_S1	AA	1	0	3	1	2	1	Pf+++	0/0	0/1	0.0519556333917104	0.149206349206349	mekomba	S1
24118X36	D42_S1	AS	1	0	NA	NA	NA	NA	0	1/1	1/1	1	1	nsimalen	S1
24118X360	B141_S1	AS	1	0	1	0	2	1	Pf+	1/1	1/1	0.949186991869919	0.953846153846154	ekokoII	S1
24118X361	B113_S1	AA	0	0	NA	NA	NA	NA	0	NA	NA	NA	NA	mekomba	S1
24118X362	B84_S1	AS	1	0	3	1	2	1	Pf+++	0/1	1/1	0.651449722393584	0.99112426035503	mekomba	S1
24118X363	B119_S1	AA	1	0	3	1	2	1	Pf+	0/0	0/1	0.0117700316885469	0.33206106870229	mekomba	S1
24118X364	B115_S1	AA	1	1	2	1	1	0	Pf++	0/0	0/0	0.0423280423280423	0.0454545454545455	mekomba	S1
24118X366	A501_S1	AA	0	0	NA	NA	NA	NA	Pf++	NA	NA	NA	NA	ndangueng	S1
24118X367	B156_S1	AA	1	0	NA	NA	1	0	0	0/0	0/0	0	0	ekokoII	S1
24118X369	A432_S1	AA	0	1	NA	NA	NA	NA	Pf+	NA	NA	NA	NA	koumouI	S1
24118X37	D123_S1	AA	1	1	2	1	2	1	Pf+	0/0	0/0	0.0101010101010101	0	nsimalen	S1
24118X370	B144_S1	AA	1	0	1	0	3	1	Pf+	0/1	0/1	0.214105793450882	0.352941176470588	ekokoII	S1
24118X371	A489_S1	AA	1	1	1	0	2	1	Pf++	1/1	1/1	0.998240985048373	1	ndangueng	S1
24118X372	B142_S1	AA	1	0	3	1	2	1	0	0/1	0/1	0.260180995475113	0.43	ekokoII	S1
24118X373	B219_S1	AA	1	0	1	0	1	0	0	0/1	1/1	0.883211678832117	1	ekokoII	S1
24118X375	A500_S1	AA	0	0	NA	NA	NA	NA	0	NA	NA	NA	NA	ndangueng	S1
24118X376	B191_S1	AA	0	0	NA	NA	NA	NA	Pf+	NA	NA	NA	NA	ekokoII	S1
24118X377	A462_S1	AA	1	1	2	1	4	1	Pf+	0/0	0/0	0.00201409869083585	0.00977198697068404	adoum	S1
24118X378	A464_S1	AA	1	0	1	0	2	1	Pf++	0/0	0/1	0.00154320987654321	0.675	adoum	S1
24118X379	A418_S1	AA	1	0	1	0	1	0	0	0/1	0/0	0.207207207207207	0.0833333333333333	koumouI	S1
24118X38	D161_S1	AA	1	1	2	1	3	1	Pf+++	0/1	0/1	0.0902587220697766	0.161466885604817	nsimalen	S1
24118X380	B114_S1	AS	0	0	NA	NA	NA	NA	0	NA	NA	NA	NA	mekomba	S1
24118X381	B209_S1	AS	1	0	3	1	2	1	Pf+	0/1	1/1	0.795144157814871	0.995391705069124	ekokoII	S1
24118X382	A430_S1	AA	1	0	NA	NA	1	0	Pf+	0/0	./.	0	0	koumouI	S1
24118X383	C93_S1	AA	1	0	4	1	3	1	Pf+++	0/1	0/1	0.160352489267154	0.539473684210526	ekokoII	S1
24118X384	C109_S1	AA	1	0	1	0	1	0	Pf++	0/0	1/1	0.00362100181050091	0.996336996336996	ekokoII	S1
24118X4	C207_S3	AS	1	0	2	1	2	1	Pf+++	1/1	1/1	0.986072423398329	0.993288590604027	nkassomo	S3
24118X40	D195_S1	AS	1	1	2	1	2	1	Pf+	1/1	1/1	0.994910941475827	1	ekaliII	S1
24118X41	D272_S1	AA	1	1	3	1	3	1	0	0/1	0/1	0.584869059165858	0.46	ekaliII	S1
24118X42	D280_S1	AA	1	0	2	1	2	1	Pf++	0/1	0/1	0.710202286719437	0.6875	ekaliII	S1
24118X43	E64_S1	AA	0	0	NA	NA	NA	NA	0	NA	NA	NA	NA	mfida	S1
24118X44	E103_S1	AA	1	1	2	1	3	1	Pf+++	0/0	0/0	0.00359424920127796	0.0344827586206897	mfida	S1
24118X45	B14_S2	AA	1	1	NA	NA	NA	NA	Pf+++	0/1	0/1	0.411214953271028	0.0769230769230769	nkassomo	S2
24118X46	B19_S2	AA	1	1	3	1	2	1	Pf+	0/0	0/1	0.0714285714285714	0.586206896551724	nkassomo	S2
24118X47	B45_S2	AS	1	1	1	0	NA	NA	Pf++	1/1	1/1	0.973684210526316	1	mekomba	S2
24118X48	B62_S2	AA	1	1	2	1	1	0	Pf++	0/0	0/1	0.0470588235294118	0.0789473684210526	ekokoII	S2
24118X49	B108_S2	AA	1	1	NA	NA	1	0	Pf++	0/1	0/1	0.211111111111111	0.0606060606060606	ekokoII	S2
24118X5	C208_S3	AA	1	0	1	0	1	0	Pf++	1/1	0/1	0.9553264604811	0.810606060606061	nkassomo	S3
24118X52	C147_S2	AS	1	1	2	1	1	0	0	1/1	1/1	1	1	koumouI	S2
24118X53	C173_S2	AA	1	0	1	0	1	0	0	0/0	0/0	0.00673400673400673	0	koumouI	S2
24118X54	A19_S2	AA	1	1	4	1	3	1	Pf+	0/0	0/1	0.0221130221130221	0.120481927710843	nkassomo	S2
24118X55	A24_S2	AA	1	1	1	0	1	0	Pf++	1/1	0/1	0.923516237402016	0.910941475826972	nkassomo	S2
24118X57	A67_S2	AS	1	1	1	0	1	0	Pf++	1/1	1/1	0.921298354824366	1	mekomba	S2
24118X58	A75_S2	AS	1	1	2	1	2	1	Pf++	0/0	0/0	0	0	mekomba	S2
24118X59	A130_S2	AA	0	0	NA	NA	NA	NA	0	NA	NA	NA	NA	ekokoII	S2
24118X6	C209_S3	AA	1	0	2	1	3	1	0	0/1	0/0	0.379120879120879	0	nkassomo	S3
24118X60	A134_S2	AA	0	0	NA	NA	NA	NA	0	NA	NA	NA	NA	ekokoII	S2
24118X61	A140_S2	AS	1	1	2	1	2	1	Pf++++	0/1	1/1	0.864578069732188	0.996212121212121	ekokoII	S2
24118X62	A204_S2	AA	1	1	2	1	3	1	Pf+++	0/1	0/1	0.490706319702602	0.456140350877193	ekokoII	S2
24118X63	A205_S2	AS	0	1	NA	NA	NA	NA	Pf++	NA	NA	NA	NA	ekokoII	S2
24118X64	A225_S2	AA	1	1	2	1	4	1	Pf+	0/1	0/0	0.468208092485549	0.0591966173361522	koumouI	S2
24118X66	A229_S2	AA	1	1	3	1	3	1	Pf+	0/1	0/1	0.141284403669725	0.764705882352941	koumouI	S2
24118X67	A131_S3	AS	1	1	4	1	3	1	Pf+++	0/1	1/1	0.805321314335563	1	koumouI	S3
24118X68	A140_S3	AS	1	1	1	0	2	1	Pf+	0/1	0/1	0.262081784386617	0.642857142857143	koumouI	S3
24118X69	A162_S3	AS	1	1	2	1	2	1	Pf++	0/0	0/1	0.0227920227920228	0.10752688172043	nsimalen	S3
24118X7	C210_S3	AS	1	1	1	0	1	0	Pf++	1/1	./.	0.992	1	nkassomo	S3
24118X70	A238_S3	AA	1	1	1	0	2	1	Pf++	1/1	0/1	0.934718100890208	0.909090909090909	nsimalen	S3
24118X71	A286_S3	AA	1	1	2	1	3	1	Pf+	0/1	0/1	0.170797413793103	0.173611111111111	nkassomo	S3
24118X72	A297_S3	AA	1	1	2	1	2	1	Pf++	0/1	1/1	0.937858831475853	1	nkassomo	S3
24118X73	A326_S3	AA	1	1	1	0	1	0	Pf++	0/0	0/1	0.0217391304347826	0.142857142857143	metet	S3
24118X74	A332_S3	AA	1	1	3	1	5	1	Pf+	0/0	0/0	0.0025706940874036	0	metet	S3
24118X75	A334_S3	AS	1	1	1	0	1	0	Pf+	0/1	1/1	0.802083333333333	1	metet	S3
24118X78	B169_S3	AA	1	1	1	0	1	0	Pf+	0/0	0/1	0.0178571428571429	0.0645161290322581	nsimalen	S3
24118X79	B179_S3	AS	1	1	2	1	1	0	Pf++	0/1	0/1	0.837151037938439	0.173996175908222	nsimalen	S3
24118X8	C211_S3	AA	0	0	NA	NA	NA	NA	0	NA	NA	NA	NA	nkassomo	S3
24118X80	B245_S3	AA	1	1	NA	NA	NA	NA	Pf++	0/0	0/0	0.038961038961039	0	nkassomo	S3
24118X81	B247_S3	AA	1	1	1	0	2	1	0	0/0	0/1	0.0482051282051282	0.108256880733945	nkassomo	S3
24118X82	B275_S3	AA	1	1	1	0	4	1	Pf+	0/1	0/1	0.340248962655602	0.268292682926829	nkassomo	S3
24118X83	B286_S3	AA	1	1	1	0	3	1	Pf+	0/0	0/0	0.0143329658213892	0.00657030223390276	metet	S3
24118X84	C2_S3	AA	1	1	1	0	1	0	Pf+++	0/0	0/0	0.0074719800747198	0.00390625	ekokoII	S3
24118X85	C107_S3	AA	1	1	2	1	1	0	Pf+	0/1	0/1	0.299715909090909	0.363636363636364	koumouI	S3
24118X86	C108_S3	AS	1	1	1	0	1	0	0	0/0	1/1	0	1	koumouI	S3
24118X87	C108_S1	AS	0	0	NA	NA	NA	NA	0	NA	NA	NA	NA	ekokoII	S1
24118X88	C247_S1	AA	1	1	1	0	1	0	Pf+	0/0	0/0	0.0341274951706375	0.0234604105571848	koumouI	S1
24118X89	C101_S1	AA	1	0	1	0	1	0	Pf+++	0/0	0/0	0.0412371134020619	0	ekokoII	S1
24118X9	C212_S3	AA	1	0	1	0	1	0	Pf+++	0/0	1/1	0.00123076923076923	0.941471571906355	nkassomo	S3
24118X90	C100_S1	AA	0	0	NA	NA	NA	NA	Pf+	NA	NA	NA	NA	ekokoII	S1
24118X91	C375_S1	AA	0	0	NA	NA	NA	NA	Pf+	NA	NA	NA	NA	nsimalen	S1
24118X92	C420_S1	AA	0	0	NA	NA	NA	NA	0	NA	NA	NA	NA	nsimalen	S1
24118X94	C465_S1	AA	1	0	4	1	4	1	Pf+++	0/1	0/1	0.169187387849269	0.22075055187638	ndangueng	S1
24118X95	C62_S1	AA	0	0	NA	NA	NA	NA	Pf+++	NA	NA	NA	NA	mekomba	S1
24118X96	C107_S1	AA	0	0	NA	NA	NA	NA	Pf+	NA	NA	NA	NA	ekokoII	S1
24118X99	A186_S1	AA	1	1	1	0	NA	NA	0	0/1	1/1	0.9296875	1	ekokoII	S1
24404X10	D95_S1	AA	1	0	4	1	4	1	Pf++	0/1	0/1	0.190132158590308	0.239320920043812	nsimalen	S1
24404X100	B455_S1	AA	1	1	3	1	3	1	Pf++	0/0	0/0	0.0354639871654142	0.0103155339805825	ndangueng	S1
24404X101	E106_S1	AA	1	0	4	1	4	1	Pf+++	0/1	0/1	0.528933092224231	0.521410579345088	mfida	S1
24404X102	B423_S1	AA	0	1	NA	NA	NA	NA	Pf+	NA	NA	NA	NA	ndangueng	S1
24404X103	B367_S1	AA	1	1	2	1	2	1	Pf++	0/1	0/1	0.569395017793594	0.375	adoum	S1
24404X104	B354_S1	AS	1	0	1	0	1	0	Pf+	1/1	1/1	0.911940298507463	0.942528735632184	koumouI	S1
24404X105	E95_S1	AA	1	0	2	1	3	1	Pf+++	0/0	0/1	0.000949390199371942	0.171391190580026	mfida	S1
24404X106	B355_S1	AA	1	0	1	0	1	0	0	0/0	0/0	0.0179640718562874	0	koumouI	S1
24404X107	B409_S1	AA	0	0	NA	NA	NA	NA	0	NA	NA	NA	NA	ndangueng	S1
24404X108	A321_S1	AA	1	0	3	1	3	1	Pf+++	0/0	0/0	0.01039707996903	0.0265662172878668	metet	S1
24404X109	B433_S1	AA	1	0	4	1	4	1	Pf+	0/0	0/1	0.0183802412406663	0.443736730360934	ndangueng	S1
24404X11	D107_S1	AA	1	0	3	1	3	1	Pf+++	0/0	0/0	0.0250183467876443	0.0191706605542821	nsimalen	S1
24404X110	B421_S1	AA	0	0	NA	NA	NA	NA	0	NA	NA	NA	NA	ndangueng	S1
24404X111	B457_S1	AA	0	0	NA	NA	NA	NA	Pf+++	NA	NA	NA	NA	ndangueng	S1
24404X112	B446_S1	AA	1	0	3	1	4	1	0	0/1	0/0	0.263035921205098	0.02	ndangueng	S1
24404X113	B369_S1	AA	1	1	2	1	2	1	Pf++	0/0	0/0	0.00371747211895911	0.00150602409638554	adoum	S1
24404X114	B356_S1	AA	1	0	1	0	1	0	Pf+	0/0	0/0	0.00165680473372781	0.00541711809317443	koumouI	S1
24404X115	E105_S1	AA	1	0	2	1	3	1	Pf+++	0/1	0/1	0.180535420894945	0.426346239430352	mfida	S1
24404X116	E109_S1	AA	1	0	1	0	1	0	Pf+	0/0	0/0	0.0147874306839187	0.0048780487804878	mfida	S1
24404X117	B434_S1	AA	1	0	3	1	2	1	Pf+++	0/1	0/1	0.33164812942366	0.552631578947368	ndangueng	S1
24404X118	E70_S1	AA	0	0	NA	NA	NA	NA	0	NA	NA	NA	NA	mfida	S1
24404X119	B370_S1	AA	1	0	2	1	3	1	Pf++	0/1	0/1	0.132186012449652	0.497897392767031	adoum	S1
24404X12	D125_S1	AA	1	0	1	0	1	0	Pf+++	1/1	1/1	0.947767914576097	0.999602859412232	nsimalen	S1
24404X120	B357_S1	AA	1	0	3	1	3	1	Pf+	0/0	0/1	0.0205066344993969	0.112788632326821	koumouI	S1
24404X121	C29_S1	AA	1	0	3	1	3	1	Pf+++	0/1	0/1	0.32288856609255	0.383597883597884	nkassomo	S1
24404X122	E102_S1	AA	1	0	3	1	2	1	Pf+++	0/0	0/0	0.00665756230795493	0.0404551201011378	mfida	S1
24404X123	C58_S1	AA	1	0	2	1	3	1	Pf++	0/0	0/0	0.00130072840790843	0.000552791597567717	mekomba	S1
24404X124	C46_S1	AA	0	0	NA	NA	NA	NA	0	NA	NA	NA	NA	mekomba	S1
24404X125	B448_S1	AA	1	0	1	0	1	0	Pf+++	0/1	0/1	0.840718105423988	0.863481228668942	ndangueng	S1
24404X126	C85_S1	AS	1	1	1	0	2	1	Pf++	1/1	1/1	0.996993987975952	0.997863247863248	ekokoII	S1
24404X127	B460_S1	AA	0	0	NA	NA	NA	NA	0	NA	NA	NA	NA	ndangueng	S1
24404X128	B459_S1	AA	1	0	2	1	2	1	Pf+	0/0	0/0	0.00815217391304348	0.0123456790123457	ndangueng	S1
24404X129	C27_S1	AA	0	1	NA	NA	NA	NA	Pf++	NA	NA	NA	NA	nkassomo	S1
24404X13	D83_S1	AA	1	0	2	1	3	1	Pf++	0/1	0/1	0.620190610660078	0.856509968003938	nsimalen	S1
24404X130	B472_S1	AA	1	0	3	1	2	1	Pf+++	0/1	0/1	0.380849892387006	0.764107611548556	ndangueng	S1
24404X131	C56_S1	AA	1	0	1	0	1	0	Pf+++	0/0	0/1	0.00296552576300507	0.820835718374356	mekomba	S1
24404X133	C96_S1	AA	0	0	NA	NA	NA	NA	0	NA	NA	NA	NA	ekokoII	S1
24404X134	C82_S1	AS	1	0	2	1	2	1	0	0/1	1/1	0.700374531835206	0.993939393939394	ekokoII	S1
24404X135	B461_S1	AA	1	0	4	1	4	1	Pf+++	0/0	0/0	0.0763888888888889	0	ndangueng	S1
24404X136	C112_S1	AA	0	0	NA	NA	NA	NA	0	NA	NA	NA	NA	ekokoII	S1
24404X137	E83_S1	AA	0	0	NA	NA	NA	NA	Pf+++	NA	NA	NA	NA	mfida	S1
24404X138	E94_S1	AA	1	1	2	1	2	1	Pf++	0/0	0/0	0.00155223880597015	0.002255299954894	mfida	S1
24404X139	E96_S1	AA	1	0	2	1	2	1	0	0/1	./.	0.75	0.5	mfida	S1
24404X14	D138_S1	AS	0	0	NA	NA	NA	NA	Pf+	NA	NA	NA	NA	nsimalen	S1
24404X140	C45_S1	AA	1	0	3	1	3	1	Pf++	0/0	0/0	0.0395371263259402	0.0370828182941904	mekomba	S1
24404X141	C97_S1	AS	1	1	3	1	2	1	Pf++	0/1	1/1	0.454861111111111	0.992424242424242	ekokoII	S1
24404X142	C84_S1	AA	0	1	NA	NA	NA	NA	Pf+	NA	NA	NA	NA	ekokoII	S1
24404X143	E99_S1	AA	1	0	2	1	2	1	0	1/1	1/1	0.987512007684918	0.955916473317865	mfida	S1
24404X144	E100_S1	AA	1	1	4	1	4	1	Pf++++	0/1	0/1	0.208454810495627	0.399136577708006	mfida	S1
24404X145	E69_S1	AA	1	0	2	1	1	0	Pf++	1/1	1/1	0.919882885280809	0.98433734939759	mfida	S1
24404X146	E81_S1	AA	1	0	4	1	3	1	Pf+++	0/1	0/1	0.22229595222296	0.341517857142857	mfida	S1
24404X147	E93_S1	AS	1	0	1	0	1	0	Pf++	1/1	1/1	0.992660984848485	0.997397527651269	mfida	S1
24404X148	D309_S1	AS	0	0	NA	NA	NA	NA	Pf+	NA	NA	NA	NA	mfida	S1
24404X149	D322_S1	AS	1	0	2	1	2	1	Pf++	1/1	1/1	0.990805840995132	0.977154724818276	mfida	S1
24404X15	D96_S1	AA	1	1	2	1	3	1	Pf++	0/0	0/0	0.000622406639004149	0	nsimalen	S1
24404X150	E26_S1	AA	0	0	NA	NA	NA	NA	0	NA	NA	NA	NA	ekaliII	S1
24404X151	E52_S1	AA	1	0	2	1	3	1	0	0/0	0/1	0.0724009900990099	0.261111111111111	ekaliII	S1
24404X152	E92_S1	AA	1	0	3	1	3	1	Pf+++	0/0	0/0	0.00113859848876928	0.00138026224982747	mfida	S1
24404X153	D321_S1	AA	1	0	3	1	2	1	0	0/0	0/0	0.0221674876847291	0.0384615384615385	mfida	S1
24404X154	E12_S1	AA	1	0	5	1	3	1	Pf++	0/0	0/0	0.00972053462940462	0	ekaliII	S1
24404X155	D308_S1	AS	1	0	4	1	3	1	Pf+++	1/1	1/1	0.959401709401709	1	mfida	S1
24404X156	E25_S1	AA	1	0	3	1	3	1	Pf++	0/0	0/0	0.0700218818380744	0.00292397660818713	ekaliII	S1
24404X157	E50_S1	AA	1	0	2	1	3	1	Pf++	0/1	0/1	0.314561136478945	0.429718875502008	ekaliII	S1
24404X158	E79_S1	AA	1	0	4	1	2	1	0	0/0	0/1	0.0248893805309735	0.387127761767531	mfida	S1
24404X159	E91_S1	AA	0	1	NA	NA	NA	NA	Pf+	NA	NA	NA	NA	mfida	S1
24404X16	C279_S1	AS	1	0	3	1	2	1	Pf++	1/1	1/1	0.993298059964727	0.99792817679558	adoum	S1
24404X160	D307_S1	AA	1	0	2	1	3	1	Pf++	0/1	0/1	0.310641110376735	0.563451776649746	mfida	S1
24404X161	D320_S1	AA	0	0	NA	NA	NA	NA	Pf+	NA	NA	NA	NA	mfida	S1
24404X162	E10_S1	AA	1	0	2	1	2	1	Pf+	0/0	0/0	0.00947459086993971	0.003584229390681	ekaliII	S1
24404X163	E24_S1	AA	0	0	NA	NA	NA	NA	Pf+	NA	NA	NA	NA	ekaliII	S1
24404X164	E49_S1	AA	1	0	3	1	2	1	Pf+++	0/0	0/0	0.00145161290322581	0.00119545726240287	ekaliII	S1
24404X165	E66_S1	AA	1	0	3	1	6	1	Pf+++	0/1	0/1	0.184120037511722	0.20431765612953	mfida	S1
24404X166	E78_S1	AA	1	0	2	1	1	0	Pf+++	0/0	0/0	0.0027266530334015	0.00232018561484919	mfida	S1
24404X167	E90_S1	AA	1	0	3	1	2	1	Pf+++	0/0	0/0	0.0725974412377269	0.0894071914480078	mfida	S1
24404X168	D306_S1	AS	1	0	1	0	1	0	0	1/1	1/1	0.95475113122172	0.955357142857143	mfida	S1
24404X169	D319_S1	AA	0	0	NA	NA	NA	NA	0	NA	NA	NA	NA	mfida	S1
24404X17	D126_S1	AS	1	1	6	1	3	1	Pf++	1/1	1/1	0.963797389683033	0.996932515337423	nsimalen	S1
24404X170	E9_S1	AA	1	0	2	1	2	1	Pf++	0/0	0/0	0.00114468864468864	0.00245398773006135	ekaliII	S1
24404X171	E23_S1	AA	0	0	NA	NA	NA	NA	Pf++	NA	NA	NA	NA	ekaliII	S1
24404X172	E48_S1	AA	1	0	3	1	3	1	Pf+++	0/1	0/0	0.0909090909090909	0	ekaliII	S1
24404X173	E65_S1	AA	1	0	2	1	1	0	Pf+	0/0	0/0	0.00206533984228314	0.000556173526140156	mfida	S1
24404X174	E77_S1	AA	1	0	1	0	1	0	Pf+++	0/0	0/0	0.0288065843621399	0	mfida	S1
24404X175	E89_S1	AA	1	1	5	1	4	1	Pf++	0/0	0/0	0.0580997949419002	0.0227272727272727	mfida	S1
24404X176	D305_S1	AA	1	0	3	1	3	1	Pf+++	0/0	0/0	0.00836820083682008	0.0050251256281407	mfida	S1
24404X177	D318_S1	AA	1	0	2	1	2	1	Pf+++	0/0	0/0	0.000638103919781222	0.0494030465212021	mfida	S1
24404X178	E8_S1	AA	1	0	4	1	3	1	Pf+	0/0	0/1	0.0317460317460317	0.191011235955056	ekaliII	S1
24404X179	E22_S1	AA	1	0	2	1	3	1	Pf++	0/1	0/0	0.206410256410256	0	ekaliII	S1
24404X18	D49_S1	AA	1	0	1	0	1	0	Pf+	0/0	0/0	0.00229885057471264	0	nsimalen	S1
24404X180	E47_S1	AA	1	0	1	0	1	0	0	0/0	0/0	0.0137741046831956	0.016260162601626	ekaliII	S1
24404X181	E45_S1	AS	1	0	4	1	4	1	Pf++	1/1	1/1	0.990424076607387	0.995652173913044	ekaliII	S1
24404X182	E76_S1	AA	1	1	2	1	2	1	Pf+++	0/1	0/0	0.152988047808765	0.052	mfida	S1
24404X183	E88_S1	AA	1	0	5	1	4	1	Pf++	0/0	0/0	0.00488721804511278	0.00399361022364217	mfida	S1
24404X184	D304_S1	AA	1	0	3	1	3	1	Pf+++	0/0	0/0	0.0329153605015674	0.0033112582781457	mfida	S1
24404X185	D317_S1	AA	1	0	2	1	3	1	Pf+	0/0	0/0	0.00942126514131898	0	mfida	S1
24404X186	E7_S1	AA	1	0	2	1	2	1	Pf++	0/0	0/0	0.00308641975308642	0.00426136363636364	ekaliII	S1
24404X187	E21_S1	AA	1	0	3	1	4	1	Pf+++	0/1	0/1	0.116692034500254	0.419525065963061	ekaliII	S1
24404X188	E44_S1	AA	1	0	2	1	2	1	Pf++	0/1	0/0	0.123397048149044	0.062953995157385	ekaliII	S1
24404X189	E63_S1	AS	1	0	3	1	4	1	Pf++	1/1	1/1	0.978669213626234	0.995524296675192	mfida	S1
24404X19	C362_S1	AS	1	0	2	1	2	1	Pf++	1/1	1/1	0.924603174603175	0.985507246376812	nsimalen	S1
24404X190	E75_S1	AA	0	0	NA	NA	NA	NA	Pf+++	NA	NA	NA	NA	mfida	S1
24404X192	D303_S1	AS	1	0	2	1	2	1	Pf+++	1/1	1/1	0.982664233576642	0.992307692307692	mfida	S1
24404X193	B53_S3	AA	1	0	1	0	1	0	0	0/1	0/1	0.183585313174946	0.152173913043478	ekokoII	S3
24404X194	B54_S3	AA	1	0	2	1	3	1	Pf+	0/1	0/1	0.742424242424242	0.875	ekokoII	S3
24404X195	A178_S3	AA	0	0	NA	NA	NA	NA	0	NA	NA	NA	NA	nsimalen	S3
24404X196	B56_S3	AA	0	0	NA	NA	NA	NA	0	NA	NA	NA	NA	ekokoII	S3
24404X197	A81_S2	AS	1	0	2	1	3	1	Pf+++	1/1	1/1	0.94938539407086	1	ekokoII	S2
24404X198	B58_S3	AS	0	0	NA	NA	NA	NA	0	NA	NA	NA	NA	ekokoII	S3
24404X199	B59_S3	AS	1	0	1	0	3	1	Pf++	0/1	0/1	0.717041800643087	0.719298245614035	ekokoII	S3
24404X20	D137_S1	AA	1	0	2	1	1	0	Pf+++	0/0	0/0	0.0131789848619768	0.10028305701577	nsimalen	S1
24404X200	B60_S3	AA	1	0	3	1	2	1	0	0/1	0/1	0.646424517593644	0.579439252336449	ekokoII	S3
24404X201	B61_S3	AA	0	0	NA	NA	NA	NA	0	NA	NA	NA	NA	ekokoII	S3
24404X202	B62_S3	AA	0	0	NA	NA	NA	NA	Pf+++	NA	NA	NA	NA	ekokoII	S3
24404X203	B63_S3	AA	0	0	NA	NA	NA	NA	0	NA	NA	NA	NA	ekokoII	S3
24404X205	B65_S3	AS	0	0	NA	NA	NA	NA	0	NA	NA	NA	NA	ekokoII	S3
24404X206	B66_S3	AA	1	0	1	0	3	1	Pf+++	0/0	0/0	0.060952380952381	0.0128205128205128	ekokoII	S3
24404X207	B67_S3	AA	1	0	4	1	3	1	Pf++	0/0	0/1	0.0332741792369122	0.168253968253968	ekokoII	S3
24404X208	B68_S3	AS	1	0	1	0	1	0	0	1/1	1/1	0.987693953986089	0.999006951340616	ekokoII	S3
24404X209	B69_S3	AS	1	0	4	1	4	1	0	0/1	1/1	0.706548100242522	0.924444444444444	ekokoII	S3
24404X21	D127_S1	AA	1	0	2	1	3	1	Pf+++	0/1	0/1	0.138628986060722	0.266157461809636	nsimalen	S1
24404X210	B70_S3	AS	0	0	NA	NA	NA	NA	0	NA	NA	NA	NA	ekokoII	S3
24404X211	B71_S3	AA	1	0	1	0	1	0	0	1/1	./.	1	0.857142857142857	ekokoII	S3
24404X212	B72_S3	AS	0	0	NA	NA	NA	NA	Pf+	NA	NA	NA	NA	ekokoII	S3
24404X213	B73_S3	AA	1	0	1	0	2	1	Pf+	0/1	0/1	0.466887417218543	0.58974358974359	ekokoII	S3
24404X214	B74_S3	AS	0	0	NA	NA	NA	NA	Pf+	NA	NA	NA	NA	ekokoII	S3
24404X215	B77_S3	AA	1	0	3	1	3	1	0	0/1	0/1	0.160865475070555	0.447084233261339	ekokoII	S3
24404X216	B78_S3	AA	1	0	2	1	2	1	Pf+++	0/0	0/0	0.00826221666576072	0.00720961281708945	ekokoII	S3
24404X217	B79_S3	AA	1	0	1	0	3	1	Pf++	0/1	0/1	0.195258019525802	0.842911877394636	ekokoII	S3
24404X218	B80_S3	AS	1	1	4	1	4	1	Pf+++	1/1	1/1	0.984348798211291	0.995771670190275	ekokoII	S3
24404X219	B81_S3	AA	1	0	4	1	4	1	0	0/0	0/1	0.0208562019758507	0.100746268656716	ekokoII	S3
24404X22	D139_S1	AA	1	0	1	0	1	0	Pf+++	0/1	1/1	0.0774248660402268	0.961688311688312	nsimalen	S1
24404X220	B82_S3	AA	1	0	2	1	1	0	Pf++	0/0	0/1	0.0146611341632089	0.3515625	ekokoII	S3
24404X221	B83_S3	AA	1	0	1	0	2	1	Pf+++	0/1	0/0	0.0806451612903226	0.0172413793103448	ekokoII	S3
24404X222	B84_S3	AA	1	0	2	1	2	1	Pf++	0/0	0/0	0.0109725685785536	0.0139165009940358	ekokoII	S3
24404X223	B85_S3	AS	1	0	3	1	3	1	Pf+++	1/1	1/1	0.999299774371742	0.998620213866851	ekokoII	S3
24404X224	B86_S3	AA	1	0	2	1	2	1	Pf++	0/0	0/1	0.000270197243988111	0.227369921596579	ekokoII	S3
24404X225	B87_S3	AS	1	0	3	1	3	1	Pf+	0/1	1/1	0.412172573189522	1	ekokoII	S3
24404X226	B88_S3	AA	1	0	1	0	1	0	0	0/0	0/0	0.00261780104712042	0.00655737704918033	ekokoII	S3
24404X227	B89_S3	AA	0	0	NA	NA	NA	NA	0	NA	NA	NA	NA	ekokoII	S3
24404X228	B101_S3	AA	1	0	NA	NA	1	0	Pf++	0/0	0/1	0.0559440559440559	0.0869565217391304	koumouI	S3
24404X229	A182_S3	AA	1	0	5	1	4	1	Pf+++	0/0	0/1	0.0397150874163609	0.129391602399314	nsimalen	S3
24404X23	D84_S1	AS	0	0	NA	NA	NA	NA	0	NA	NA	NA	NA	nsimalen	S1
24404X230	B103_S3	AA	0	0	NA	NA	NA	NA	Pf++	NA	NA	NA	NA	koumouI	S3
24404X231	B104_S3	AA	1	1	4	1	4	1	Pf+++	0/0	0/1	0.0594594594594595	0.594982078853047	koumouI	S3
24404X232	B105_S3	AA	1	1	NA	NA	NA	NA	0	0/0	./.	0.0157894736842105	0	koumouI	S3
24404X233	B106_S3	AA	1	0	NA	NA	NA	NA	Pf+	0/0	0/1	0.031496062992126	0.166666666666667	koumouI	S3
24404X234	B107_S3	AA	1	1	3	1	3	1	Pf++	0/0	0/1	0.0279329608938547	0.0769230769230769	koumouI	S3
24404X235	B108_S3	AS	1	0	1	0	1	0	Pf+++	1/1	1/1	0.993527508090615	1	koumouI	S3
24404X236	B109_S3	AS	1	0	3	1	3	1	Pf++	1/1	1/1	0.993813795236622	0.998613037447989	koumouI	S3
24404X237	B110_S3	AS	1	0	1	0	1	0	Pf+	1/1	1/1	0.949640287769784	1	koumouI	S3
24404X238	B112_S3	AA	1	0	1	0	3	1	Pf+	0/0	0/0	0.000428265524625268	0.0120481927710843	koumouI	S3
24404X239	B113_S3	AA	0	0	NA	NA	NA	NA	Pf++	NA	NA	NA	NA	koumouI	S3
24404X24	D97_S1	AA	1	0	1	0	1	0	Pf+	0/1	0/1	0.240384615384615	0.728395061728395	nsimalen	S1
24404X240	B114_S3	AA	1	0	1	0	2	1	Pf+++	0/0	0/1	0.0315638450502152	0.134020618556701	koumouI	S3
24404X241	B115_S3	AA	1	0	3	1	3	1	Pf+	0/0	0/0	0.0371900826446281	0.0075187969924812	koumouI	S3
24404X242	B116_S3	AA	0	0	NA	NA	NA	NA	0	NA	NA	NA	NA	koumouI	S3
24404X243	B117_S3	AA	0	0	NA	NA	NA	NA	0	NA	NA	NA	NA	koumouI	S3
24404X244	B118_S3	AA	0	0	NA	NA	NA	NA	Pf+	NA	NA	NA	NA	koumouI	S3
24404X245	B120_S3	AS	1	0	1	0	1	0	0	0/0	0/0	0.0147783251231527	0	koumouI	S3
24404X246	B121_S3	AA	1	0	3	1	4	1	Pf+++	0/1	0/1	0.281553398058252	0.889423076923077	koumouI	S3
24404X247	B122_S3	AA	1	0	1	0	3	1	0	0/1	0/1	0.248571428571429	0.660194174757282	koumouI	S3
24404X248	B123_S3	AA	0	0	NA	NA	NA	NA	Pf++	NA	NA	NA	NA	koumouI	S3
24404X249	B124_S3	AA	0	0	NA	NA	NA	NA	0	NA	NA	NA	NA	koumouI	S3
24404X25	C339_S1	AA	1	0	1	0	1	0	Pf+++	0/0	0/0	0.00133761369716426	0.0146355192794821	ndangueng	S1
24404X250	B125_S3	AA	1	0	NA	NA	NA	NA	0	0/0	./.	0.0461538461538462	1	koumouI	S3
24404X251	B126_S3	AA	1	0	1	0	1	0	Pf+++	0/0	0/0	0.000237135404315864	0.0151757188498403	koumouI	S3
24404X252	B127_S3	AS	0	0	NA	NA	NA	NA	Pf+	NA	NA	NA	NA	koumouI	S3
24404X253	B128_S3	AS	0	0	NA	NA	NA	NA	0	NA	NA	NA	NA	koumouI	S3
24404X254	B129_S3	AA	0	0	NA	NA	NA	NA	Pf+	NA	NA	NA	NA	koumouI	S3
24404X255	B130_S3	AS	1	0	NA	NA	2	1	Pf+	1/1	1/1	0.996039603960396	1	koumouI	S3
24404X256	B131_S3	AA	0	0	NA	NA	NA	NA	0	NA	NA	NA	NA	koumouI	S3
24404X257	B132_S3	AS	1	0	2	1	3	1	Pf++	0/1	1/1	0.762402088772846	0.981481481481482	koumouI	S3
24404X258	B133_S3	AA	1	0	1	0	1	0	0	0/0	./.	0.0168067226890756	1	koumouI	S3
24404X259	B134_S3	AA	1	0	3	1	2	1	Pf+++	0/1	0/1	0.162625050020008	0.159942363112392	koumouI	S3
24404X26	D65_S1	AA	1	0	4	1	4	1	Pf++	0/1	0/1	0.235759493670886	0.301587301587302	nsimalen	S1
24404X260	B135_S3	AA	1	0	2	1	2	1	Pf+	0/0	0/0	0.0103053435114504	0.0219512195121951	koumouI	S3
24404X261	B136_S3	AA	0	0	NA	NA	NA	NA	0	NA	NA	NA	NA	koumouI	S3
24404X262	B137_S3	AA	1	0	1	0	2	1	Pf++	0/1	0/1	0.121244635193133	0.301745635910224	koumouI	S3
24404X263	B138_S3	AA	1	0	NA	NA	NA	NA	0	0/1	0/0	0.151515151515152	0	koumouI	S3
24404X264	B139_S3	AS	1	0	2	1	2	1	Pf+	1/1	1/1	0.97008547008547	0.998194945848375	koumouI	S3
24404X265	B140_S3	AA	0	0	NA	NA	NA	NA	0	NA	NA	NA	NA	koumouI	S3
24404X266	B141_S3	AA	1	0	1	0	1	0	0	0/0	0/0	0.0119047619047619	0	koumouI	S3
24404X267	B142_S3	AA	0	0	NA	NA	NA	NA	Pf+	NA	NA	NA	NA	koumouI	S3
24404X268	B143_S3	AA	1	0	1	0	1	0	Pf++	0/0	0/0	0.00791891035793475	0.00949367088607595	koumouI	S3
24404X269	B144_S3	AA	0	0	NA	NA	NA	NA	Pf+	NA	NA	NA	NA	koumouI	S3
24404X270	B145_S3	AA	0	0	NA	NA	NA	NA	Pf++	NA	NA	NA	NA	koumouI	S3
24404X271	B161_S3	AS	0	0	NA	NA	NA	NA	Pf+	NA	NA	NA	NA	nsimalen	S3
24404X272	B162_S3	AA	0	0	NA	NA	NA	NA	0	NA	NA	NA	NA	nsimalen	S3
24404X273	B163_S3	AA	0	0	NA	NA	NA	NA	Pf+	NA	NA	NA	NA	nsimalen	S3
24404X274	B164_S3	AA	1	0	1	0	1	0	0	0/0	1/1	0.046853468075333	0.975206611570248	nsimalen	S3
24404X275	B165_S3	AA	1	0	4	1	1	0	Pf+	0/0	0/1	0.0352862849533955	0.345924453280318	nsimalen	S3
24404X276	B166_S3	AA	1	0	4	1	4	1	0	0/0	0/0	0.0326460481099656	0.036144578313253	nsimalen	S3
24404X277	B90_S2	AA	0	0	NA	NA	NA	NA	Pf++	NA	NA	NA	NA	ekokoII	S2
24404X278	B168_S3	AA	0	0	NA	NA	NA	NA	Pf++	NA	NA	NA	NA	nsimalen	S3
24404X280	B18_S2	AS	1	1	2	1	2	1	Pf++	1/1	1/1	0.934868943606037	1	nkassomo	S2
24404X281	B171_S3	AA	0	0	NA	NA	NA	NA	0	NA	NA	NA	NA	nsimalen	S3
24404X282	B172_S3	AA	1	0	1	0	1	0	Pf+++	0/0	0/0	0	0	nsimalen	S3
24404X283	B173_S3	AA	1	0	NA	NA	NA	NA	0	0/0	1/1	0	1	nsimalen	S3
24404X284	B174_S3	AS	0	0	NA	NA	NA	NA	0	NA	NA	NA	NA	nsimalen	S3
24404X285	B175_S3	AS	1	0	2	1	3	1	Pf+++	1/1	0/1	0.948863636363636	0.888324873096447	nsimalen	S3
24404X286	B176_S3	AA	1	0	2	1	2	1	0	0/1	0/1	0.806565064478312	0.798941798941799	nsimalen	S3
24404X287	B177_S3	AA	1	0	2	1	2	1	Pf+	0/0	0/0	0.0581241743725231	0.0153452685421995	nsimalen	S3
24404X288	B178_S3	AA	1	0	2	1	2	1	Pf+++	0/0	0/1	0.00530451866404715	0.322946175637394	nsimalen	S3
24404X289	C86_S2	AA	0	0	NA	NA	NA	NA	0	NA	NA	NA	NA	ekokoII	S2
24404X29	D111_S1	AA	1	0	3	1	4	1	Pf+++	0/1	0/1	0.096452850508178	0.121834360027379	nsimalen	S1
24404X290	C156_S2	AA	1	0	1	0	1	0	Pf+	0/1	0/0	0.823144104803493	0.00983606557377049	koumouI	S2
24404X291	C88_S2	AA	0	0	NA	NA	NA	NA	Pf+++	NA	NA	NA	NA	ekokoII	S2
24404X292	C89_S2	AA	0	0	NA	NA	NA	NA	Pf+++	NA	NA	NA	NA	ekokoII	S2
24404X293	C90_S2	AA	1	0	NA	NA	NA	NA	Pf+	0/1	0/1	0.351239669421488	0.441860465116279	ekokoII	S2
24404X294	C91_S2	AA	0	1	NA	NA	NA	NA	Pf+	NA	NA	NA	NA	ekokoII	S2
24404X295	C92_S2	AA	0	1	NA	NA	NA	NA	Pf++	NA	NA	NA	NA	ekokoII	S2
24404X296	C93_S2	AS	0	0	NA	NA	NA	NA	Pf++	NA	NA	NA	NA	ekokoII	S2
24404X297	C94_S2	AA	1	0	1	0	3	1	Pf+++	0/0	0/0	0.0471380471380471	0	ekokoII	S2
24404X298	C95_S2	AA	0	0	NA	NA	NA	NA	Pf++	NA	NA	NA	NA	ekokoII	S2
24404X299	C104_S2	AA	0	0	NA	NA	NA	NA	Pf+++	NA	NA	NA	NA	ekokoII	S2
24404X3	D50_S1	AA	1	0	2	1	4	1	Pf+++	0/0	0/1	0.00150526843953838	0.127547169811321	nsimalen	S1
24404X30	D129_S1	AA	1	0	1	0	2	1	Pf+++	0/1	1/1	0.818268497330282	0.942164179104478	nsimalen	S1
24404X300	C97_S2	AS	1	0	1	0	1	0	Pf+	0/1	1/1	0.135746606334842	1	ekokoII	S2
24404X301	C98_S2	AA	1	0	1	0	1	0	Pf+	0/1	0/1	0.773770491803279	0.834862385321101	ekokoII	S2
24404X302	C99_S2	AS	1	0	1	0	1	0	Pf++	1/1	1/1	0.971988795518207	1	ekokoII	S2
24404X303	C150_S2	AS	0	0	NA	NA	NA	NA	Pf++	NA	NA	NA	NA	koumouI	S2
24404X304	C101_S2	AA	0	0	NA	NA	NA	NA	Pf+	NA	NA	NA	NA	ekokoII	S2
24404X305	C102_S2	AA	1	0	1	0	1	0	Pf+	0/1	0/1	0.784210526315789	0.84375	ekokoII	S2
24404X306	C152_S2	AS	0	0	NA	NA	NA	NA	Pf+	NA	NA	NA	NA	koumouI	S2
24404X307	C120_S2	AA	1	1	NA	NA	2	1	Pf+	0/0	0/0	0.0103092783505155	0.05	ekokoII	S2
24404X308	C105_S2	AA	1	0	1	0	1	0	Pf+++	0/0	0/0	0.0484637893196781	0.00116144018583043	ekokoII	S2
24404X309	C106_S2	AA	1	0	NA	NA	NA	NA	Pf++	0/0	0/1	0.0225988700564972	0.620689655172414	ekokoII	S2
24404X31	D141_S1	AS	0	0	NA	NA	NA	NA	0	NA	NA	NA	NA	nsimalen	S1
24404X310	C107_S2	AA	0	1	NA	NA	NA	NA	Pf+	NA	NA	NA	NA	ekokoII	S2
24404X311	C108_S2	AA	1	0	1	0	1	0	Pf+++	0/0	0/0	0.0220385674931129	0.0204081632653061	ekokoII	S2
24404X312	C109_S2	AS	0	0	NA	NA	NA	NA	Pf+	NA	NA	NA	NA	ekokoII	S2
24404X313	C110_S2	AA	1	0	NA	NA	1	0	Pf++	0/0	0/0	0.0104166666666667	0	ekokoII	S2
24404X314	C111_S2	AA	0	0	NA	NA	NA	NA	Pf+	NA	NA	NA	NA	ekokoII	S2
24404X315	C112_S2	AA	1	0	NA	NA	2	1	Pf++	0/1	0/1	0.573643410852713	0.461538461538462	ekokoII	S2
24404X316	C113_S2	AA	1	0	2	1	2	1	Pf++	0/0	0/0	0.00221238938053097	0	ekokoII	S2
24404X317	C114_S2	AA	0	0	NA	NA	NA	NA	Pf+	NA	NA	NA	NA	ekokoII	S2
24404X318	C157_S2	AA	1	0	4	1	4	1	Pf+++	0/0	0/0	0.0426770126091174	0.0674698795180723	koumouI	S2
24404X319	C144_S2	AA	1	0	2	1	2	1	Pf++	0/1	0/1	0.437262357414449	0.357142857142857	koumouI	S2
24404X32	D41_S1	AA	1	0	4	1	3	1	Pf+++	0/0	0/1	0.00757487472322573	0.210140093395597	nsimalen	S1
24404X320	C117_S2	AA	0	0	NA	NA	NA	NA	Pf++	NA	NA	NA	NA	ekokoII	S2
24404X321	C151_S2	AA	1	1	2	1	2	1	Pf+++	0/1	0/1	0.404471544715447	0.305555555555556	koumouI	S2
24404X322	C160_S2	AA	1	1	NA	NA	1	0	Pf+	0/0	0/1	0.028735632183908	0.185185185185185	koumouI	S2
24404X323	C153_S2	AA	1	0	2	1	2	1	Pf+++	0/0	0/1	0	0.430769230769231	koumouI	S2
24404X324	C154_S2	AA	1	1	4	1	4	1	Pf++	0/1	0/1	0.168961201501877	0.163461538461538	koumouI	S2
24404X325	C155_S2	AA	0	0	NA	NA	NA	NA	Pf++	NA	NA	NA	NA	koumouI	S2
24404X326	C189_S2	AA	1	0	NA	NA	NA	NA	Pf+++	0/0	0/0	0.027027027027027	0	koumouI	S2
24404X327	C164_S2	AS	1	0	NA	NA	1	0	Pf+	0/1	1/1	0.944444444444444	1	koumouI	S2
24404X328	C100_S2	AA	1	0	3	1	5	1	Pf+++	0/0	0/1	0.0149555375909458	0.286476868327402	ekokoII	S2
24404X329	B191_S2	AA	1	0	1	0	2	1	Pf+	0/0	0/1	0.0278969957081545	0.351648351648352	koumouI	S2
24404X33	D54_S1	AS	1	0	1	0	1	0	Pf+++	0/1	1/1	0.147808197499604	0.995638901003053	nsimalen	S1
24404X330	C115_S2	AA	0	0	NA	NA	NA	NA	Pf++	NA	NA	NA	NA	ekokoII	S2
24404X331	C161_S2	AA	0	0	NA	NA	NA	NA	Pf++	NA	NA	NA	NA	koumouI	S2
24404X332	C162_S2	AA	1	0	1	0	2	1	Pf++++++	0/0	0/0	0.000523560209424084	0	koumouI	S2
24404X333	C163_S2	AA	0	0	NA	NA	NA	NA	Pf++	NA	NA	NA	NA	koumouI	S2
24404X334	C158_S2	AS	1	0	4	1	5	1	Pf+	0/1	1/1	0.807544264819092	1	koumouI	S2
24404X335	C165_S2	AA	1	0	4	1	3	1	Pf+	0/1	0/1	0.424657534246575	0.386792452830189	koumouI	S2
24404X336	C166_S2	AS	1	0	2	1	3	1	Pf++	1/1	1/1	0.994444444444444	1	koumouI	S2
24404X337	B181_S2	AS	1	0	2	1	2	1	0	1/1	1/1	0.915360501567398	0.987179487179487	koumouI	S2
24404X338	C142_S2	AA	0	0	NA	NA	NA	NA	Pf++	NA	NA	NA	NA	koumouI	S2
24404X339	C96_S2	AA	1	0	1	0	1	0	Pf++	0/1	0/0	0.181159420289855	0	ekokoII	S2
24404X34	D66_S1	AA	0	1	NA	NA	NA	NA	Pf+	NA	NA	NA	NA	nsimalen	S1
24404X340	C121_S2	AS	0	0	NA	NA	NA	NA	Pf+	NA	NA	NA	NA	ekokoII	S2
24404X341	C122_S2	AA	1	0	1	0	2	1	Pf++	0/1	0/1	0.74236641221374	0.60377358490566	ekokoII	S2
24404X342	C123_S2	AA	1	0	NA	NA	1	0	Pf++	0/0	0/0	0	0.1	ekokoII	S2
24404X343	C141_S2	AS	1	0	1	0	2	1	Pf++++	0/1	1/1	0.753554502369668	1	koumouI	S2
24404X344	C119_S2	AA	1	0	1	0	1	0	Pf+++	0/0	0/0	0.00322234156820623	0.0103626943005181	ekokoII	S2
24404X345	B171_S2	AA	1	0	1	0	1	0	Pf+++	0/0	0/1	0.0852713178294574	0.0848484848484849	koumouI	S2
24404X346	C116_S2	AA	0	0	NA	NA	NA	NA	0	NA	NA	NA	NA	ekokoII	S2
24404X347	C145_S2	AA	0	1	NA	NA	NA	NA	Pf++	NA	NA	NA	NA	koumouI	S2
24404X348	C146_S2	AS	1	1	3	1	3	1	Pf++	0/1	1/1	0.904135338345865	0.9875	koumouI	S2
24404X35	D87_S1	AA	1	0	NA	NA	3	1	0	0/0	0/0	0.02	0.0103092783505155	nsimalen	S1
24404X350	A2_S2	AA	1	0	1	0	1	0	Pf+++	0/0	0/0	0.0571428571428571	0.0147058823529412	nkassomo	S2
24404X352	C103_S2	AA	0	0	NA	NA	NA	NA	Pf+++	NA	NA	NA	NA	ekokoII	S2
24404X353	C183_S2	AA	1	0	1	0	1	0	Pf++	0/1	0/1	0.815789473684211	0.892307692307692	koumouI	S2
24404X354	C184_S2	AA	0	0	NA	NA	NA	NA	Pf+	NA	NA	NA	NA	koumouI	S2
24404X355	C185_S2	AA	1	1	1	0	1	0	Pf+	0/1	0/1	0.435185185185185	0.684210526315789	koumouI	S2
24404X356	C186_S2	AA	1	0	4	1	3	1	Pf++	0/1	0/0	0.175404213620774	0.0121654501216545	koumouI	S2
24404X357	C187_S2	AS	1	1	2	1	2	1	Pf++	1/1	1/1	0.982142857142857	0.984375	koumouI	S2
24404X358	C188_S2	AA	1	0	1	0	1	0	0	0/0	0/0	0.003125	0	koumouI	S2
24404X359	C87_S2	AS	1	0	2	1	1	0	Pf+	1/1	1/1	0.998260869565217	0.99581589958159	ekokoII	S2
24404X360	A1_S2	AA	0	0	NA	NA	NA	NA	Pf+	NA	NA	NA	NA	nkassomo	S2
24404X361	B177_S2	AA	1	0	2	1	4	1	Pf+++	0/1	0/1	0.535871156661786	0.4	koumouI	S2
24404X362	A3_S2	AA	0	0	NA	NA	NA	NA	Pf++	NA	NA	NA	NA	nkassomo	S2
24404X363	A4_S2	AA	1	1	4	1	2	1	Pf+++	0/0	0/1	0.0295608108108108	0.185714285714286	nkassomo	S2
24404X364	A5_S2	AA	0	1	NA	NA	NA	NA	Pf+	NA	NA	NA	NA	nkassomo	S2
24404X365	A6_S2	AA	1	0	1	0	2	1	Pf+	0/0	0/1	0.0185873605947955	0.108695652173913	nkassomo	S2
24404X366	A7_S2	AA	0	0	NA	NA	NA	NA	Pf+	NA	NA	NA	NA	nkassomo	S2
24404X367	A8_S2	AA	1	0	1	0	2	1	Pf++	0/0	0/1	0.00628930817610063	0.131868131868132	nkassomo	S2
24404X368	C159_S2	AA	1	1	4	1	3	1	Pf++	0/1	0/1	0.27992277992278	0.492424242424242	koumouI	S2
24404X369	C167_S2	AA	0	0	NA	NA	NA	NA	Pf++	NA	NA	NA	NA	koumouI	S2
24404X37	D130_S1	AA	1	1	1	0	2	1	Pf+++	0/0	0/0	0.000655614873091692	0.00751445086705202	nsimalen	S1
24404X370	C168_S2	AA	1	0	NA	NA	NA	NA	Pf++	0/0	0/1	0.0294117647058824	0.142857142857143	koumouI	S2
24404X371	C169_S2	AS	1	0	NA	NA	1	0	Pf+++	1/1	1/1	0.965034965034965	0.981132075471698	koumouI	S2
24404X372	C170_S2	AA	1	0	1	0	1	0	Pf+	0/0	0/1	0.00613496932515337	0.64	koumouI	S2
24404X373	C171_S2	AA	0	0	NA	NA	NA	NA	Pf+	NA	NA	NA	NA	koumouI	S2
24404X374	C172_S2	AA	0	0	NA	NA	NA	NA	Pf+	NA	NA	NA	NA	koumouI	S2
24404X376	C174_S2	AA	1	0	1	0	1	0	Pf+++	0/0	0/0	0	0.0208333333333333	koumouI	S2
24404X377	C175_S2	AA	1	0	2	1	3	1	0	0/1	0/1	0.74365147161606	0.696693272519954	koumouI	S2
24404X378	C176_S2	AS	0	0	NA	NA	NA	NA	Pf++	NA	NA	NA	NA	koumouI	S2
24404X379	C177_S2	AA	1	0	3	1	3	1	Pf+++	0/1	0/1	0.533193936225823	0.764822134387352	koumouI	S2
24404X38	D142_S1	AA	1	0	2	1	2	1	Pf+++	0/0	0/1	0.0508203281312525	0.815398075240595	nsimalen	S1
24404X380	C178_S2	AA	1	0	2	1	2	1	Pf++	0/0	0/1	0	0.2578125	koumouI	S2
24404X381	C179_S2	AA	0	0	NA	NA	NA	NA	Pf+	NA	NA	NA	NA	koumouI	S2
24404X382	C180_S2	AA	0	0	NA	NA	NA	NA	Pf+	NA	NA	NA	NA	koumouI	S2
24404X383	C181_S2	AA	1	0	1	0	1	0	0	1/1	0/0	0.989583333333333	0	koumouI	S2
24404X384	C182_S2	AA	1	0	NA	NA	1	0	0	0/1	0/1	0.455357142857143	0.7625	koumouI	S2
24404X39	C337_S1	AA	0	0	NA	NA	NA	NA	0	NA	NA	NA	NA	ndangueng	S1
24404X4	C313_S1	AA	1	0	2	1	1	0	Pf++	0/1	0/1	0.25	0.159090909090909	ndangueng	S1
24404X40	D39_S1	AA	1	0	2	1	2	1	Pf++	0/0	0/0	0.0256410256410256	0.023543990086741	nsimalen	S1
24404X41	C377_S1	AA	1	0	NA	NA	1	0	0	0/1	0/1	0.207865168539326	0.551724137931034	nsimalen	S1
24404X42	D64_S1	AA	1	0	2	1	3	1	Pf+++	0/1	0/1	0.523952095808383	0.428571428571429	nsimalen	S1
24404X43	D85_S1	AA	0	0	NA	NA	NA	NA	0	NA	NA	NA	NA	nsimalen	S1
24404X44	D98_S1	AA	0	0	NA	NA	NA	NA	0	NA	NA	NA	NA	nsimalen	S1
24404X45	D110_S1	AA	0	0	NA	NA	NA	NA	Pf+	NA	NA	NA	NA	nsimalen	S1
24404X46	C281_S1	AS	1	0	4	1	5	1	Pf+++	1/1	1/1	0.993548387096774	0.998973305954825	adoum	S1
24404X47	C268_S1	AA	1	1	3	1	2	1	Pf++	0/0	0/1	0.0789115646258503	0.28734810578985	adoum	S1
24404X48	D40_S1	AA	1	0	2	1	3	1	Pf+++	0/0	0/0	0.00676798860128236	0.00613165013525699	nsimalen	S1
24404X49	C363_S1	AS	1	0	4	1	3	1	0	0/1	0/1	0.339667458432304	0.474178403755869	nsimalen	S1
24404X5	D23_S1	AS	1	1	2	1	2	1	Pf+++	1/1	1/1	0.98731884057971	0.990366088631985	nsimalen	S1
24404X50	D90_S1	AA	1	0	NA	NA	3	1	Pf+	0/0	0/0	0	0.027027027027027	nsimalen	S1
24404X51	D103_S1	AA	1	0	4	1	4	1	0	0/1	0/1	0.240847784200385	0.125	nsimalen	S1
24404X52	D121_S1	AA	1	0	3	1	3	1	Pf++	0/0	0/1	0.0342222222222222	0.249763481551561	nsimalen	S1
24404X53	D133_S1	AS	1	0	3	1	3	1	Pf++	1/1	1/1	0.992911392405063	0.991990846681922	nsimalen	S1
24404X54	D145_S1	AA	1	0	3	1	2	1	Pf++	0/0	0/1	0.00953418687006265	0.864303178484108	nsimalen	S1
24404X55	D45_S1	AA	1	1	3	1	2	1	Pf+++	0/1	0/1	0.652163742690059	0.620817843866171	nsimalen	S1
24404X56	D58_S1	AA	1	0	1	0	2	1	Pf++	0/1	0/1	0.368	0.151515151515152	nsimalen	S1
24404X57	D70_S1	AA	1	0	4	1	5	1	Pf++	0/0	0/0	0.024390243902439	0	nsimalen	S1
24404X58	D67_S1	AA	1	1	2	1	2	1	Pf+++	0/0	0/0	0.000536384766672627	0.00416418798334325	nsimalen	S1
24404X59	D88_S1	AA	0	0	NA	NA	NA	NA	Pf+	NA	NA	NA	NA	nsimalen	S1
24404X6	C374_S1	AS	1	0	3	1	2	1	Pf+++	1/1	0/1	0.983739837398374	0.91812865497076	nsimalen	S1
24404X61	D131_S1	AA	0	0	NA	NA	NA	NA	Pf+	NA	NA	NA	NA	nsimalen	S1
24404X62	C312_S1	AA	0	0	NA	NA	NA	NA	0	NA	NA	NA	NA	ndangueng	S1
24404X63	D43_S1	AA	0	0	NA	NA	NA	NA	0	NA	NA	NA	NA	nsimalen	S1
24404X64	C303_S1	AA	0	0	NA	NA	NA	NA	0	NA	NA	NA	NA	ndangueng	S1
24404X65	D68_S1	AS	0	0	NA	NA	NA	NA	Pf+	NA	NA	NA	NA	nsimalen	S1
24404X66	D89_S1	AS	0	0	NA	NA	NA	NA	Pf+	NA	NA	NA	NA	nsimalen	S1
24404X67	D102_S1	AA	0	0	NA	NA	NA	NA	0	NA	NA	NA	NA	nsimalen	S1
24404X68	D114_S1	AA	1	0	1	0	2	1	Pf+++	1/1	1/1	0.997867803837953	0.998497144574692	nsimalen	S1
24404X69	D132_S1	AS	0	0	NA	NA	NA	NA	0	NA	NA	NA	NA	nsimalen	S1
24404X7	D36_S1	AA	1	0	1	0	2	1	Pf+++	0/0	0/1	0.0539049235993209	0.766863905325444	nsimalen	S1
24404X70	D144_S1	AS	1	0	NA	NA	1	0	Pf+	1/1	0/1	0.942307692307692	0.5	nsimalen	S1
24404X71	D44_S1	AA	1	0	1	0	1	0	0	0/0	1/1	0.0214541120381406	0.936708860759494	nsimalen	S1
24404X72	D57_S1	AS	0	0	NA	NA	NA	NA	0	NA	NA	NA	NA	nsimalen	S1
24404X73	D134_S1	AA	1	0	NA	NA	NA	NA	Pf++	0/1	./.	0.234567901234568	0	nsimalen	S1
24404X74	C264_S1	AA	1	0	2	1	3	1	Pf+++	0/1	0/1	0.280450669914738	0.0722278738555443	adoum	S1
24404X76	D59_S1	AA	1	0	2	1	3	1	Pf+	0/0	0/1	0.0258136924803591	0.14327485380117	nsimalen	S1
24404X77	C249_S1	AA	1	0	3	1	3	1	Pf+++	0/0	0/0	0.000858369098712446	0.00123609394313968	koumouI	S1
24404X78	D92_S1	AA	0	0	NA	NA	NA	NA	0	NA	NA	NA	NA	nsimalen	S1
24404X79	D105_S1	AA	1	0	2	1	2	1	Pf+++	0/0	0/0	0.000946252838758516	0.00758272058823529	nsimalen	S1
24404X8	D61_S1	AA	1	0	1	0	1	0	Pf+++	0/0	0/0	0.000626959247648903	0.0009000900090009	nsimalen	S1
24404X80	D135_S1	AA	1	0	1	0	1	0	Pf+++	1/1	1/1	0.994769613947696	0.997402597402597	nsimalen	S1
24404X81	D47_S1	AA	1	0	NA	NA	1	0	Pf+	0/1	0/0	0.746835443037975	0	nsimalen	S1
24404X82	D60_S1	AA	1	0	1	0	1	0	Pf++	0/0	0/0	0.022788965343097	0.0613082307506638	nsimalen	S1
24404X83	D81_S1	AA	1	1	3	1	4	1	Pf++++	0/0	0/1	0.0664425016812374	0.325	nsimalen	S1
24404X84	D94_S1	AA	1	0	4	1	4	1	Pf++	0/1	0/1	0.167198723064645	0.161176470588235	nsimalen	S1
24404X85	D106_S1	AA	1	0	NA	NA	2	1	Pf++	0/0	0/1	0	0.0769230769230769	nsimalen	S1
24404X86	D124_S1	AA	0	0	NA	NA	NA	NA	0	NA	NA	NA	NA	nsimalen	S1
24404X87	D148_S1	AA	1	1	3	1	2	1	Pf++	0/0	0/0	0.02823574000379	0.0328849028400598	nsimalen	S1
24404X88	D149_S1	AA	0	0	NA	NA	NA	NA	Pf+	NA	NA	NA	NA	nsimalen	S1
24404X89	D162_S1	AA	0	0	NA	NA	NA	NA	0	NA	NA	NA	NA	nsimalen	S1
24404X9	D82_S1	AA	0	0	NA	NA	NA	NA	Pf++	NA	NA	NA	NA	nsimalen	S1
24404X90	D192_S1	AA	1	0	2	1	3	1	Pf++	0/1	0/1	0.138364779874214	0.138888888888889	ekaliII	S1
24404X91	C278_S1	AS	1	0	1	0	3	1	0	1/1	1/1	0.955823293172691	1	adoum	S1
24404X92	D224_S1	AA	1	0	NA	NA	3	1	0	0/1	0/1	0.556521739130435	0.125	ekaliII	S1
24404X93	D236_S1	AA	1	0	2	1	1	0	Pf+++	0/0	0/0	0.000776699029126214	0.00118063754427391	ekaliII	S1
24404X94	D91_S1	AA	1	0	4	1	3	1	0	0/0	0/1	0.0353763883175648	0.150918635170604	nsimalen	S1
24404X95	D104_S1	AA	1	0	4	1	4	1	Pf++	0/0	0/0	0.0197802197802198	0.00492610837438424	nsimalen	S1
24404X96	D122_S1	AA	1	1	4	1	4	1	Pf++	0/1	0/1	0.207526408450704	0.175280898876404	nsimalen	S1
24404X99	B419_S1	AA	0	0	NA	NA	NA	NA	0	NA	NA	NA	NA	ndangueng	S1
24448X10	C132_S1	AA	1	0	2	1	3	1	0	0/0	0/1	0.0382198952879581	0.455629139072848	ekokoII	S1
24448X100	B345_S1	AA	1	0	2	1	2	1	Pf+	0/0	0/0	0.00109529025191676	0.0190839694656489	koumouI	S1
24448X101	B246_S1	AA	1	0	1	0	1	0	0	0/1	0/1	0.0707964601769911	0.1	metet	S1
24448X102	B470_S1	AA	1	0	3	1	3	1	Pf++	0/1	0/0	0.283613445378151	0.0787878787878788	ndangueng	S1
24448X103	C68_S1	AA	1	1	2	1	2	1	Pf+	0/0	0/1	0.000887705281846427	0.449275362318841	mekomba	S1
24448X104	C54_S1	AA	0	0	NA	NA	NA	NA	0	NA	NA	NA	NA	mekomba	S1
24448X105	B471_S1	AA	1	0	2	1	3	1	Pf++	0/1	0/1	0.24450715581536	0.184357541899441	ndangueng	S1
24448X106	B187_S1	AA	1	1	NA	NA	NA	NA	Pf+	0/0	0/0	0	0.08	ekokoII	S1
24448X109	C81_S1	AA	1	0	1	0	1	0	0	1/1	0/0	0.917808219178082	0	ekokoII	S1
24448X11	C277_S1	AS	1	0	2	1	2	1	0	0/1	1/1	0.891752577319588	1	adoum	S1
24448X110	C55_S1	AA	1	0	2	1	2	1	Pf+	0/0	0/0	0.000938967136150235	0.00201612903225806	mekomba	S1
24448X111	C110_S1	AA	1	0	2	1	4	1	Pf++	0/1	0/1	0.204	0.318840579710145	ekokoII	S1
24448X112	C95_S1	AA	1	0	1	0	1	0	0	0/1	0/1	0.161375661375661	0.22	ekokoII	S1
24448X113	C126_S1	AA	1	0	NA	NA	1	0	Pf++	0/1	0/0	0.0677966101694915	0	ekokoII	S1
24448X116	B112_S1	AA	0	0	NA	NA	NA	NA	0	NA	NA	NA	NA	mekomba	S1
24448X117	C24_S1	AA	1	0	3	1	2	1	0	0/0	0/0	0.0170109356014581	0.0103092783505155	nkassomo	S1
24448X118	B469_S1	AS	1	1	2	1	3	1	Pf++	1/1	1/1	0.998580553584102	0.998442367601246	ndangueng	S1
24448X119	B100_S1	AS	0	0	NA	NA	NA	NA	0	NA	NA	NA	NA	mekomba	S1
24448X12	C307_S1	AA	1	0	3	1	4	1	Pf++	0/0	0/0	0.0291952894995093	0.0465549348230912	ndangueng	S1
24448X120	B199_S1	AA	1	1	2	1	1	0	Pf+	0/1	0/1	0.290697674418605	0.338271604938272	ekokoII	S1
24448X121	B320_S1	AA	1	0	1	0	1	0	Pf++++	0/0	0/0	0.000439238653001464	0.00809061488673139	koumouI	S1
24448X122	C161_S1	AS	1	0	1	0	1	0	0	0/1	1/1	0.507462686567164	0.9	metet	S1
24448X123	C234_S1	AA	1	0	4	1	3	1	Pf++	0/1	0/1	0.0797546012269939	0.583612040133779	koumouI	S1
24448X124	C130_S1	AA	0	0	NA	NA	NA	NA	Pf+	NA	NA	NA	NA	ekokoII	S1
24448X125	C180_S1	AS	1	0	1	0	1	0	0	0/1	1/1	0.53448275862069	0.947368421052632	metet	S1
24448X126	C248_S1	AA	1	0	5	1	2	1	Pf+	0/0	0/0	0.00459981600735971	0.0232558139534884	koumouI	S1
24448X127	C221_S1	AA	1	0	1	0	1	0	Pf++	0/1	0/0	0.788235294117647	0.00392156862745098	koumouI	S1
24448X128	C208_S1	AA	0	0	NA	NA	NA	NA	Pf+	NA	NA	NA	NA	koumouI	S1
24448X129	C155_S1	AA	1	0	NA	NA	2	1	Pf++	0/1	0/1	0.229946524064171	0.305555555555556	ekokoII	S1
24448X13	C311_S1	AA	1	0	4	1	4	1	Pf++	0/0	0/1	0.0132555231346394	0.303685897435897	ndangueng	S1
24448X130	C143_S1	AA	0	0	NA	NA	NA	NA	0	NA	NA	NA	NA	ekokoII	S1
24448X131	C156_S1	AA	1	1	4	1	4	1	Pf++	0/1	0/1	0.381499269158488	0.358148893360161	ekokoII	S1
24448X132	C144_S1	AS	0	0	NA	NA	NA	NA	Pf+	NA	NA	NA	NA	ekokoII	S1
24448X133	C209_S1	AA	1	1	3	1	2	1	Pf++	0/0	0/1	0.0255368543238537	0.11913357400722	koumouI	S1
24448X135	C236_S1	AS	1	0	4	1	4	1	0	0/1	1/1	0.347069597069597	0.965174129353234	koumouI	S1
24448X136	C222_S1	AA	1	0	2	1	2	1	Pf++	0/1	0/1	0.694313453536755	0.722222222222222	koumouI	S1
24448X137	C131_S1	AS	1	1	1	0	1	0	Pf+	1/1	1/1	0.964912280701754	1	ekokoII	S1
24448X138	C250_S1	AA	1	0	2	1	1	0	0	0/0	0/1	0.00286532951289398	0.428571428571429	koumouI	S1
24448X139	C237_S1	AA	1	0	3	1	3	1	0	0/1	0/0	0.351128233351679	0.0358126721763085	koumouI	S1
24448X14	C323_S1	AA	1	0	1	0	NA	NA	0	0/0	0/1	0	0.32258064516129	ndangueng	S1
24448X140	B99_S1	AA	1	1	3	1	4	1	Pf+++	0/0	0/0	0.0242163325709673	0.0491927346115035	mekomba	S1
24448X142	C251_S1	AA	1	0	1	0	1	0	Pf+++	0/0	0/0	0	0	koumouI	S1
24448X143	C223_S1	AA	1	0	1	0	1	0	Pf+	0/1	0/0	0.112255064762537	0.00759219088937093	koumouI	S1
24448X144	C210_S1	AA	1	0	2	1	3	1	Pf++	0/0	0/0	0.00133988387673068	0.00173310225303293	koumouI	S1
24448X145	C211_S1	AS	1	0	NA	NA	3	1	0	1/1	1/1	0.935294117647059	1	koumouI	S1
24448X146	C182_S1	AA	1	0	1	0	1	0	0	0/0	0/0	0.00581395348837209	0	metet	S1
24448X148	C224_S1	AA	1	0	2	1	2	1	Pf++	0/0	0/0	0.00763358778625954	0.00826446280991736	koumouI	S1
24448X149	C134_S1	AA	1	0	3	1	2	1	Pf++	0/0	0/0	0.00211685012701101	0.0165453342157512	ekokoII	S1
24448X15	C336_S1	AA	1	1	1	0	1	0	Pf+++	0/0	0/0	0.00895289996107435	0.00899280575539568	ndangueng	S1
24448X150	C252_S1	AA	1	0	2	1	4	1	Pf++	0/0	0/0	0.124810400866739	0.0687795010114633	koumouI	S1
24448X151	C148_S1	AS	1	0	2	1	3	1	0	0/1	1/1	0.360196215837421	0.994768962510898	ekokoII	S1
24448X152	C135_S1	AA	1	0	4	1	5	1	Pf++	0/0	0/0	0.0169794459338695	0.00289855072463768	ekokoII	S1
24448X154	C239_S1	AA	1	0	2	1	2	1	0	0/0	0/0	0.0018970189701897	0.00137362637362637	koumouI	S1
24448X155	C225_S1	AS	1	0	3	1	3	1	0	0/1	1/1	0.231884057971014	0.936746987951807	koumouI	S1
24448X156	C212_S1	AA	1	0	2	1	3	1	Pf+++	0/0	0/0	0.00925640234495526	0.0394190871369295	koumouI	S1
24448X157	C164_S1	AA	1	0	4	1	1	0	Pf++	0/1	0/1	0.0641539695268645	0.0785340314136126	metet	S1
24448X158	C147_S1	AA	1	0	2	1	1	0	Pf+	0/1	0/1	0.812967581047382	0.762470308788599	ekokoII	S1
24448X159	C201_S1	AS	1	0	4	1	2	1	Pf+++	1/1	1/1	0.986013986013986	0.998275862068966	koumouI	S1
24448X16	C349_S1	AA	1	1	5	1	4	1	Pf++	0/1	0/1	0.243169398907104	0.207970112079701	ndangueng	S1
24448X160	C165_S1	AA	1	0	2	1	3	1	Pf+++	0/0	0/0	0.00378787878787879	0	metet	S1
24448X161	C227_S1	AA	0	0	NA	NA	NA	NA	0	NA	NA	NA	NA	koumouI	S1
24448X162	C213_S1	AA	0	0	NA	NA	NA	NA	0	NA	NA	NA	NA	koumouI	S1
24448X163	C254_S1	AA	1	0	3	1	2	1	Pf+++	0/1	0/1	0.294492440604752	0.315815815815816	koumouI	S1
24448X164	C240_S1	AA	0	0	NA	NA	NA	NA	0	NA	NA	NA	NA	koumouI	S1
24448X165	C167_S1	AS	1	0	1	0	1	0	0	1/1	1/1	0.958333333333333	0.987179487179487	metet	S1
24448X166	B212_S1	AS	1	0	1	0	1	0	Pf+	0/1	./.	0.578947368421053	0.571428571428571	ekokoII	S1
24448X167	C162_S1	AA	1	0	3	1	3	1	Pf+	0/0	0/0	0.0244067796610169	0.0215982721382289	metet	S1
24448X168	C146_S1	AA	1	0	3	1	4	1	Pf+	0/0	0/0	0.00164609053497942	0.0146699266503667	ekokoII	S1
24448X169	C228_S1	AA	0	0	NA	NA	NA	NA	0	NA	NA	NA	NA	koumouI	S1
24448X17	C272_S1	AS	0	0	NA	NA	NA	NA	0	NA	NA	NA	NA	adoum	S1
24448X170	C214_S1	AA	1	0	5	1	4	1	Pf++	0/0	0/0	0.00336700336700337	0.025	koumouI	S1
24448X171	C255_S1	AS	1	0	2	1	1	0	Pf+	1/1	1/1	0.996666666666667	1	koumouI	S1
24448X172	C241_S1	AA	1	0	1	0	2	1	Pf++	0/0	0/0	0.0323886639676113	0	koumouI	S1
24448X173	C150_S1	AA	1	0	3	1	3	1	Pf+	0/0	0/0	0.0137264182838596	0.0139817629179331	ekokoII	S1
24448X174	C137_S1	AA	1	0	2	1	4	1	Pf++	0/1	0/1	0.118518518518519	0.228571428571429	ekokoII	S1
24448X175	C203_S1	AA	1	0	1	0	1	0	0	0/1	0/0	0.153094462540717	0	koumouI	S1
24448X176	C169_S1	AA	1	0	2	1	4	1	Pf++	0/0	0/1	0.0077720207253886	0.220338983050847	metet	S1
24448X177	C229_S1	AA	0	0	NA	NA	NA	NA	Pf+	NA	NA	NA	NA	koumouI	S1
24448X178	C216_S1	AA	1	0	3	1	3	1	Pf++	0/0	0/0	0.0226586102719033	0.0108695652173913	koumouI	S1
24448X179	C256_S1	AA	0	0	NA	NA	NA	NA	0	NA	NA	NA	NA	koumouI	S1
24448X18	C319_S1	AA	1	1	3	1	2	1	Pf++	0/1	0/0	0.181672025723473	0	ndangueng	S1
24448X180	C242_S1	AA	1	0	NA	NA	NA	NA	0	0/1	./.	0.476923076923077	1	koumouI	S1
24448X181	C151_S1	AA	1	0	1	0	1	0	0	0/0	0/0	0.0030441400304414	0	ekokoII	S1
24448X182	C138_S1	AA	1	0	3	1	3	1	Pf++	0/1	0/1	0.353675450762829	0.087962962962963	ekokoII	S1
24448X183	C204_S1	AA	1	0	2	1	3	1	Pf++	0/0	0/0	0.00454545454545455	0.00900900900900901	koumouI	S1
24448X185	C230_S1	AA	1	0	2	1	4	1	0	0/0	0/0	0.0764705882352941	0.06875	koumouI	S1
24448X186	C217_S1	AA	0	0	NA	NA	NA	NA	0	NA	NA	NA	NA	koumouI	S1
24448X187	C261_S1	AA	1	0	4	1	2	1	Pf+	0/1	0/0	0.0833333333333333	0	adoum	S1
24448X188	C243_S1	AA	0	0	NA	NA	NA	NA	0	NA	NA	NA	NA	koumouI	S1
24448X189	C152_S1	AA	1	0	1	0	1	0	Pf++	1/1	1/1	0.924104432301154	0.94327731092437	ekokoII	S1
24448X19	C344_S1	AA	0	0	NA	NA	NA	NA	0	NA	NA	NA	NA	ndangueng	S1
24448X190	B295_S1	AA	1	0	4	1	3	1	Pf++	0/0	0/0	0.0240295748613678	0.0379310344827586	koumouI	S1
24448X191	C202_S1	AA	1	0	1	0	2	1	Pf+++	0/0	0/1	0.0271739130434783	0.256410256410256	koumouI	S1
24448X192	C171_S1	AA	1	1	3	1	3	1	Pf++	0/0	0/0	0.0209840810419682	0.0342651036970243	metet	S1
24448X193	C76_S3	AA	0	0	NA	NA	NA	NA	Pf+	NA	NA	NA	NA	koumouI	S3
24448X194	C77_S3	AS	0	0	NA	NA	NA	NA	0	NA	NA	NA	NA	koumouI	S3
24448X195	C78_S3	AS	0	0	NA	NA	NA	NA	Pf+++	NA	NA	NA	NA	koumouI	S3
24448X196	C79_S3	AS	1	0	1	0	2	1	0	1/1	1/1	0.99854121079504	0.986817325800377	koumouI	S3
24448X197	C80_S3	AA	1	0	3	1	NA	NA	Pf+	0/1	0/0	0.351351351351351	0.0434782608695652	koumouI	S3
24448X198	C81_S3	AA	0	0	NA	NA	NA	NA	0	NA	NA	NA	NA	koumouI	S3
24448X199	C82_S3	AS	1	0	2	1	4	1	0	1/1	1/1	0.955390334572491	1	koumouI	S3
24448X20	C400_S1	AA	1	0	2	1	4	1	Pf++	0/0	0/1	0.0544412607449857	0.2725	nsimalen	S1
24448X200	C83_S3	AA	1	0	2	1	3	1	0	1/1	1/1	0.937743190661479	1	koumouI	S3
24448X201	C84_S3	AA	0	0	NA	NA	NA	NA	0	NA	NA	NA	NA	koumouI	S3
24448X202	C85_S3	AA	1	0	1	0	2	1	Pf+	0/1	0/0	0.588785046728972	0	koumouI	S3
24448X203	C86_S3	AS	0	0	NA	NA	NA	NA	0	NA	NA	NA	NA	koumouI	S3
24448X204	C87_S3	AA	1	0	2	1	3	1	Pf++	0/0	0/1	0.0200573065902579	0.459459459459459	koumouI	S3
24448X205	C88_S3	AS	1	0	2	1	4	1	Pf++	1/1	1/1	0.981196581196581	0.99375	koumouI	S3
24448X206	C89_S3	AA	0	0	NA	NA	NA	NA	Pf++	NA	NA	NA	NA	koumouI	S3
24448X207	C90_S3	AS	1	0	1	0	1	0	Pf+++	1/1	1/1	0.930137756536407	0.997258396161755	koumouI	S3
24448X208	C91_S3	AS	0	0	NA	NA	NA	NA	0	NA	NA	NA	NA	koumouI	S3
24448X209	C92_S3	AS	1	0	4	1	4	1	Pf+++	0/1	1/1	0.862619808306709	1	koumouI	S3
24448X210	C93_S3	AS	1	0	3	1	3	1	Pf+++	1/1	1/1	0.998145859085291	1	koumouI	S3
24448X211	C94_S3	AA	1	0	3	1	2	1	0	0/0	0/0	0.0345368916797488	0.0273972602739726	koumouI	S3
24448X212	C95_S3	AA	0	0	NA	NA	NA	NA	0	NA	NA	NA	NA	koumouI	S3
24448X213	C96_S3	AA	1	0	2	1	3	1	0	0/1	0/1	0.593142857142857	0.445578231292517	koumouI	S3
24448X214	C97_S3	AA	1	0	1	0	1	0	0	0/0	0/0	0	0	koumouI	S3
24448X215	C98_S3	AA	1	0	2	1	2	1	0	0/0	0/0	0.00442477876106195	0	koumouI	S3
24448X216	C99_S3	AA	0	0	NA	NA	NA	NA	Pf+	NA	NA	NA	NA	koumouI	S3
24448X217	C100_S3	AS	1	1	3	1	3	1	Pf+	0/1	0/1	0.51183970856102	0.641025641025641	koumouI	S3
24448X218	C101_S3	AA	1	0	3	1	2	1	0	0/0	0/0	0.0130353817504655	0	koumouI	S3
24448X219	C102_S3	AA	0	0	NA	NA	NA	NA	0	NA	NA	NA	NA	koumouI	S3
24448X22	C461_S1	AA	1	0	4	1	5	1	Pf+++	0/0	0/0	0.00932748810745266	0.016140350877193	ndangueng	S1
24448X220	C103_S3	AA	1	0	1	0	1	0	0	0/1	0/0	0.0902777777777778	0.0517241379310345	koumouI	S3
24448X221	C104_S3	AA	1	0	1	0	1	0	Pf++	0/0	0/0	0.000304785126485827	0.0026525198938992	koumouI	S3
24448X222	C105_S3	AA	0	0	NA	NA	NA	NA	Pf+	NA	NA	NA	NA	koumouI	S3
24448X223	C106_S3	AA	1	0	3	1	3	1	Pf+++	0/0	0/0	0.0132730595364047	0	koumouI	S3
24448X226	C109_S3	AA	1	0	5	1	4	1	Pf+++	0/1	0/0	0.32457729468599	0.0106382978723404	koumouI	S3
24448X227	C110_S3	AA	1	0	2	1	2	1	Pf++	0/0	0/0	0.00532859680284192	0	koumouI	S3
24448X228	C112_S3	AA	1	0	1	0	2	1	0	0/1	0/1	0.83743842364532	0.8	koumouI	S3
24448X229	C113_S3	AA	1	0	2	1	2	1	Pf+	0/1	0/1	0.565349544072948	0.455238095238095	koumouI	S3
24448X23	C346_S1	AA	1	1	1	0	2	1	Pf+	0/0	0/0	0.00144717800289436	0	ndangueng	S1
24448X230	C114_S3	AA	1	0	2	1	4	1	Pf++	0/0	0/1	0.014058106841612	0.298892988929889	koumouI	S3
24448X231	C115_S3	AS	1	0	1	0	2	1	0	0/1	1/1	0.929437706725469	1	koumouI	S3
24448X232	C116_S3	AS	1	0	2	1	2	1	0	0/1	1/1	0.712365591397849	1	koumouI	S3
24448X233	C117_S3	AA	1	1	2	1	3	1	Pf++	0/1	0/0	0.133116883116883	0	koumouI	S3
24448X234	C118_S3	AA	1	0	3	1	2	1	Pf++	0/1	0/1	0.0741337630942788	0.14639175257732	koumouI	S3
24448X235	C119_S3	AA	1	0	1	0	2	1	Pf+	0/1	0/1	0.406593406593407	0.777777777777778	koumouI	S3
24448X236	C120_S3	AA	1	0	4	1	3	1	Pf+	0/0	0/0	0.036231884057971	0.016304347826087	koumouI	S3
24448X237	C121_S3	AA	1	0	3	1	4	1	0	0/0	0/0	0.00201005025125628	0.0211480362537764	koumouI	S3
24448X238	C122_S3	AA	0	0	NA	NA	NA	NA	Pf++	NA	NA	NA	NA	koumouI	S3
24448X239	C123_S3	AA	1	0	3	1	4	1	Pf+	0/1	0/1	0.150276508776148	0.33778857837181	koumouI	S3
24448X24	C488_S1	AA	1	1	2	1	3	1	Pf++	0/1	0/1	0.272366121086922	0.503136762860728	ndangueng	S1
24448X240	C124_S3	AS	1	0	3	1	4	1	Pf+	1/1	1/1	0.957068062827225	1	koumouI	S3
24448X241	C125_S3	AA	1	0	2	1	3	1	Pf+++	0/1	0/1	0.271664766248575	0.193548387096774	koumouI	S3
24448X242	C141_S3	AA	0	0	NA	NA	NA	NA	0	NA	NA	NA	NA	nsimalen	S3
24448X243	C142_S3	AA	0	0	NA	NA	NA	NA	0	NA	NA	NA	NA	nsimalen	S3
24448X244	C143_S3	AA	1	0	2	1	1	0	Pf+	0/0	1/1	0.0044543429844098	0.981818181818182	nsimalen	S3
24448X245	C144_S3	AA	1	0	3	1	2	1	0	0/1	0/0	0.101694915254237	0	nsimalen	S3
24448X246	C145_S3	AA	1	0	2	1	2	1	0	0/1	0/1	0.327010419449639	0.360628618693135	nsimalen	S3
24448X247	C146_S3	AA	0	0	NA	NA	NA	NA	Pf+	NA	NA	NA	NA	nsimalen	S3
24448X248	C147_S3	AA	1	0	1	0	1	0	0	0/0	0/0	0.00396825396825397	0.00735294117647059	nsimalen	S3
24448X249	C148_S3	AS	1	0	3	1	3	1	0	1/1	1/1	0.997783687943262	0.99818401937046	nsimalen	S3
24448X25	C286_S1	AA	1	0	NA	NA	NA	NA	0	0/1	./.	0.308641975308642	1	adoum	S1
24448X250	C149_S3	AA	0	0	NA	NA	NA	NA	0	NA	NA	NA	NA	nsimalen	S3
24448X251	C150_S3	AA	0	0	NA	NA	NA	NA	0	NA	NA	NA	NA	nsimalen	S3
24448X252	C151_S3	AA	0	0	NA	NA	NA	NA	0	NA	NA	NA	NA	nsimalen	S3
24448X253	C152_S3	AS	1	0	1	0	2	1	0	0/1	1/1	0.911290322580645	1	nsimalen	S3
24448X254	C153_S3	AA	1	0	NA	NA	NA	NA	0	0/1	0/0	0.264957264957265	0.05	nsimalen	S3
24448X255	C154_S3	AA	1	0	2	1	5	1	0	0/0	0/0	0.00296296296296296	0	nsimalen	S3
24448X256	C155_S3	AA	1	0	1	0	1	0	0	0/0	0/0	0.00221589110477999	0.00212765957446809	nsimalen	S3
24448X257	C156_S3	AA	0	0	NA	NA	NA	NA	0	NA	NA	NA	NA	nsimalen	S3
24448X258	C157_S3	AA	1	0	1	0	1	0	Pf+++	0/1	0/1	0.0786516853932584	0.300970873786408	nsimalen	S3
24448X259	C158_S3	AA	0	0	NA	NA	NA	NA	0	NA	NA	NA	NA	nsimalen	S3
24448X26	D24_S1	AS	1	0	1	0	2	1	0	1/1	1/1	0.982708933717579	1	nsimalen	S1
24448X260	C160_S3	AA	1	0	1	0	2	1	Pf+	0/0	0/0	0.00533333333333333	0	nsimalen	S3
24448X261	C161_S3	AA	1	0	2	1	2	1	Pf+++	0/0	0/0	0.0224578914535246	0	nsimalen	S3
24448X262	C162_S3	AA	0	0	NA	NA	NA	NA	Pf+	NA	NA	NA	NA	nsimalen	S3
24448X263	C163_S3	AS	1	0	1	0	1	0	0	0/1	0/1	0.802083333333333	0.833333333333333	nsimalen	S3
24448X264	C164_S3	AA	1	0	1	0	1	0	0	0/0	0/0	0	0	nsimalen	S3
24448X265	C165_S3	AA	1	0	1	0	1	0	Pf+++	0/0	0/0	0.0798456515286435	0.0512465373961219	nsimalen	S3
24448X266	C166_S3	AS	1	0	1	0	2	1	Pf+++	1/1	1/1	0.965870506966397	0.999609832227858	nsimalen	S3
24448X267	C167_S3	AA	1	0	5	1	3	1	0	0/0	0/0	0	0.0645161290322581	nsimalen	S3
24448X268	C168_S3	AS	0	1	NA	NA	NA	NA	Pf+	NA	NA	NA	NA	nsimalen	S3
24448X269	C169_S3	AA	0	0	NA	NA	NA	NA	0	NA	NA	NA	NA	nsimalen	S3
24448X27	C388_S1	AA	1	0	NA	NA	1	0	Pf++	0/1	./.	0.314285714285714	0	nsimalen	S1
24448X270	C170_S3	AA	1	0	2	1	1	0	Pf+	0/1	0/1	0.846875	0.877384196185286	nsimalen	S3
24448X271	C171_S3	AA	1	0	3	1	3	1	0	0/1	0/1	0.256756756756757	0.0747663551401869	nsimalen	S3
24448X272	C172_S3	AA	0	0	NA	NA	NA	NA	Pf+	NA	NA	NA	NA	nsimalen	S3
24448X273	C173_S3	AA	1	0	2	1	2	1	0	0/0	0/0	0	0.03125	nsimalen	S3
24448X274	C174_S3	AA	1	0	2	1	3	1	0	0/0	0/0	0.00317965023847377	0.0521739130434783	nsimalen	S3
24448X275	C175_S3	AA	1	0	2	1	2	1	Pf+++	0/0	0/0	0.0511854103343465	0.0541941564561734	nsimalen	S3
24448X276	C176_S3	AA	1	0	NA	NA	1	0	Pf+++	0/0	0/1	0	0.125	nsimalen	S3
24448X277	C177_S3	AA	1	0	3	1	3	1	Pf+++	0/1	0/1	0.140804597701149	0.114457831325301	nsimalen	S3
24448X278	C178_S3	AA	1	0	4	1	2	1	Pf+	0/0	0/1	0	0.49748743718593	nsimalen	S3
24448X279	C179_S3	AS	1	0	1	0	2	1	Pf+	1/1	1/1	0.996969696969697	1	nsimalen	S3
24448X28	C275_S1	AS	1	1	1	0	1	0	Pf+	1/1	1/1	0.978180700676091	1	adoum	S1
24448X280	C180_S3	AA	0	0	NA	NA	NA	NA	Pf++	NA	NA	NA	NA	nsimalen	S3
24448X281	C181_S3	AA	1	0	3	1	3	1	Pf+++	0/0	0/0	0.0226896112173359	0.0563380281690141	nsimalen	S3
24448X282	C182_S3	AS	1	0	4	1	4	1	Pf+++	0/1	1/1	0.698051948051948	0.977142857142857	nsimalen	S3
24448X283	C183_S3	AA	1	0	5	1	3	1	0	0/0	0/1	0.0312328767123288	0.0971830985915493	nsimalen	S3
24448X284	C184_S3	AS	0	0	NA	NA	NA	NA	0	NA	NA	NA	NA	nsimalen	S3
24448X285	C201_S3	AA	1	1	2	1	4	1	Pf+	0/1	0/1	0.145671641791045	0.187759336099585	nkassomo	S3
24448X286	C202_S3	AA	0	0	NA	NA	NA	NA	0	NA	NA	NA	NA	nkassomo	S3
24448X287	C204_S3	AA	0	0	NA	NA	NA	NA	0	NA	NA	NA	NA	nkassomo	S3
24448X288	C205_S3	AS	1	0	4	1	5	1	Pf+++	0/1	1/1	0.670402908209633	0.99791013584117	nkassomo	S3
24448X289	A41_S1	AA	1	0	NA	NA	1	0	Pf++	0/0	0/0	0	0	mekomba	S1
24448X29	C321_S1	AA	1	0	3	1	3	1	Pf+++	0/0	0/0	0.0460358056265985	0.0248756218905473	ndangueng	S1
24448X290	A43_S1	AA	1	0	6	1	4	1	Pf+++	0/1	0/0	0.193711967545639	0.0531914893617021	mekomba	S1
24448X291	A44_S1	AA	1	0	3	1	5	1	Pf++	0/1	0/1	0.451456310679612	0.448398576512456	mekomba	S1
24448X292	A45_S1	AA	1	0	NA	NA	2	1	Pf+	0/1	0/0	0.474226804123711	0.0227272727272727	mekomba	S1
24448X293	A47_S1	AA	1	0	2	1	1	0	Pf+++	0/0	0/0	0.000489476260401371	0.00532859680284192	mekomba	S1
24448X294	A49_S1	AA	1	0	1	0	1	0	0	1/1	1/1	0.992452830188679	0.957671957671958	mekomba	S1
24448X295	A51_S1	AS	1	0	2	1	2	1	Pf++	1/1	1/1	0.963098282791377	0.992	mekomba	S1
24448X297	A53_S1	AA	1	0	1	0	1	0	Pf+++	0/0	0/0	0.00647198105761642	0.00465983224603914	mekomba	S1
24448X298	A55_S1	AA	1	0	2	1	2	1	Pf+++	0/0	0/0	0.000163559044815178	0.0008110300081103	mekomba	S1
24448X299	A56_S1	AA	1	0	3	1	3	1	Pf++	0/0	0/0	0.0109034267912773	0.0601503759398496	mekomba	S1
24448X3	C276_S1	AA	1	1	1	0	1	0	Pf++	0/1	0/0	0.720233139050791	0.0364464692482916	adoum	S1
24448X30	C309_S1	AA	1	1	5	1	4	1	Pf++	0/0	0/0	0.0623353819139596	0.0367892976588629	ndangueng	S1
24448X300	A57_S1	AA	1	0	NA	NA	NA	NA	0	0/0	./.	0	0.5	mekomba	S1
24448X301	A58_S1	AA	1	0	2	1	4	1	Pf+++	0/1	0/0	0.0875099443118536	0.0763260025873221	mekomba	S1
24448X302	A59_S1	AA	1	0	1	0	1	0	Pf+++	0/0	0/0	0.00336322869955157	0.00118764845605701	mekomba	S1
24448X303	A60_S1	AA	1	0	1	0	1	0	Pf+++	0/0	0/0	0.0257009345794393	0.012987012987013	mekomba	S1
24448X304	A61_S1	AA	1	0	3	1	3	1	0	0/0	0/1	0.0447093889716841	0.76056338028169	nkassomo	S1
24448X305	A63_S1	AA	1	0	4	1	2	1	Pf+++	0/1	0/1	0.266518847006652	0.644067796610169	nkassomo	S1
24448X306	A64_S1	AA	1	0	2	1	4	1	Pf++	0/1	0/1	0.25	0.384848484848485	nkassomo	S1
24448X307	A65_S1	AA	1	1	2	1	5	1	Pf+	0/0	0/1	0.0522088353413655	0.24	nkassomo	S1
24448X308	A66_S1	AA	1	0	1	0	1	0	0	0/0	0/0	0.00497512437810945	0	nkassomo	S1
24448X309	A67_S1	AA	1	0	NA	NA	1	0	Pf+	0/0	0/1	0.00719424460431655	0.76	nkassomo	S1
24448X31	D25_S1	AA	1	0	1	0	1	0	Pf+++	0/0	0/0	0.0233277791002142	0.0408785845027456	nsimalen	S1
24448X310	A68_S1	AA	1	0	4	1	3	1	Pf++	0/1	0/1	0.414829659318637	0.653061224489796	nkassomo	S1
24448X311	A69_S1	AS	1	0	1	0	1	0	Pf+++	1/1	1/1	0.992154496077248	0.996815286624204	nkassomo	S1
24448X312	A70_S1	AA	1	0	1	0	1	0	Pf++	0/0	0/0	0.0065359477124183	0	nkassomo	S1
24448X313	A71_S1	AA	1	0	3	1	3	1	Pf+++	0/1	0/1	0.217513682564504	0.162442396313364	nkassomo	S1
24448X314	A72_S1	AA	0	0	NA	NA	NA	NA	0	NA	NA	NA	NA	nkassomo	S1
24448X315	A77_S1	AA	1	0	NA	NA	NA	NA	Pf+	0/1	./.	0.176923076923077	0	nkassomo	S1
24448X316	A78_S1	AA	0	0	NA	NA	NA	NA	0	NA	NA	NA	NA	nkassomo	S1
24448X317	A79_S1	AA	1	0	3	1	3	1	Pf+++	0/0	0/0	0.0443808160343593	0.0393835616438356	nkassomo	S1
24448X318	A81_S1	AA	1	0	2	1	2	1	Pf++++	0/0	0/0	0.0111111111111111	0.0375647668393782	nkassomo	S1
24448X319	A83_S1	AA	1	0	2	1	2	1	0	0/0	0/1	0.00925925925925926	0.512820512820513	nkassomo	S1
24448X32	C331_S1	AA	1	0	NA	NA	NA	NA	Pf++	0/0	0/0	0.0124223602484472	0	ndangueng	S1
24448X320	A84_S1	AS	0	0	NA	NA	NA	NA	0	NA	NA	NA	NA	nkassomo	S1
24448X321	A238_S1	AA	1	0	5	1	4	1	Pf++	0/1	0/1	0.192201039861352	0.188135593220339	ekokoII	S1
24448X322	A239_S1	AS	0	1	NA	NA	NA	NA	Pf+	NA	NA	NA	NA	ekokoII	S1
24448X323	A240_S1	AA	1	0	2	1	1	0	Pf+++	0/1	0/1	0.357348703170029	0.621359223300971	ekokoII	S1
24448X324	A241_S1	AS	1	0	3	1	3	1	Pf++++	0/1	1/1	0.607727491574386	0.995186522262335	ekokoII	S1
24448X325	A242_S1	AA	1	0	2	1	4	1	Pf+++	0/0	0/1	0.068	0.227941176470588	ekokoII	S1
24448X326	A244_S1	AA	1	0	2	1	2	1	Pf+	0/0	0/1	0.075207695671185	0.135353535353535	ekokoII	S1
24448X327	A249_S1	AA	0	0	NA	NA	NA	NA	Pf+++	NA	NA	NA	NA	ekokoII	S1
24448X328	D268_S1	AA	1	0	1	0	1	0	Pf+++	0/0	0/0	0.00483503981797497	0.019047619047619	ekaliII	S1
24448X329	A254_S1	AA	1	0	4	1	3	1	Pf+++	0/0	0/0	0.000359712230215827	0	ekokoII	S1
24448X33	C390_S1	AA	0	0	NA	NA	NA	NA	0	NA	NA	NA	NA	nsimalen	S1
24448X330	A257_S1	AA	1	1	3	1	3	1	Pf++	0/1	0/1	0.475699947173798	0.567567567567568	ekokoII	S1
24448X331	A259_S1	AA	1	0	2	1	2	1	Pf+++	0/0	0/1	0.0440822374513799	0.797648514851485	ekokoII	S1
24448X332	A261_S1	AA	1	0	1	0	1	0	Pf+++	0/0	0/0	0.000304924531178533	0.00825763831544178	ekokoII	S1
24448X333	A262_S1	AA	0	1	NA	NA	NA	NA	Pf++	NA	NA	NA	NA	ekokoII	S1
24448X334	A263_S1	AA	1	0	3	1	3	1	Pf+++	0/1	0/1	0.159776684833178	0.816044260027663	ekokoII	S1
24448X335	A264_S1	AA	1	0	2	1	1	0	Pf+++	0/0	0/0	0.00150772710139465	0	ekokoII	S1
24448X337	A85_S1	AA	1	0	4	1	5	1	Pf+++	0/1	0/1	0.240306946688207	0.233333333333333	nkassomo	S1
24448X338	A86_S1	AS	1	0	4	1	3	1	Pf+++	0/1	1/1	0.790123456790123	0.997578692493947	nkassomo	S1
24448X339	A87_S1	AA	1	1	3	1	5	1	Pf+++	0/0	0/0	0.0052321778940484	0.00647482014388489	nkassomo	S1
24448X34	D14_S1	AA	1	0	1	0	1	0	Pf+++	1/1	1/1	0.99299167761717	0.997652582159624	nsimalen	S1
24448X340	A88_S1	AA	1	0	2	1	2	1	Pf+++	0/1	0/1	0.140243902439024	0.259414225941423	nkassomo	S1
24448X341	A89_S1	AA	1	0	5	1	3	1	Pf++	0/0	0/0	0.00203873598369011	0.0152284263959391	nkassomo	S1
24448X342	A90_S1	AA	0	0	NA	NA	NA	NA	Pf+	NA	NA	NA	NA	nkassomo	S1
24448X343	A101_S1	AA	1	0	2	1	2	1	Pf+++	0/0	0/0	0.00639658848614072	0.0135593220338983	mekomba	S1
24448X344	A102_S1	AA	1	1	2	1	3	1	Pf+++	0/1	0/1	0.298266351457841	0.395	mekomba	S1
24448X345	A105_S1	AA	1	0	1	0	1	0	Pf++	0/1	0/0	0.166666666666667	0	mekomba	S1
24448X346	A106_S1	AA	1	0	NA	NA	1	0	Pf+	0/1	0/0	0.178571428571429	0	mekomba	S1
24448X347	A107_S1	AA	0	1	NA	NA	NA	NA	Pf+	NA	NA	NA	NA	mekomba	S1
24448X348	A121_S1	AS	1	0	3	1	3	1	Pf+++	1/1	1/1	0.956395348837209	0.997881355932203	mekomba	S1
24448X349	A122_S1	AA	1	1	2	1	2	1	Pf++	0/0	0/0	0.0678274034822104	0.0645161290322581	mekomba	S1
24448X35	D26_S1	AA	1	0	1	0	2	1	Pf+	0/1	0/1	0.726415094339623	0.223529411764706	nsimalen	S1
24448X350	A123_S1	AA	1	1	3	1	3	1	Pf++	0/0	0/0	0.0082256169212691	0.0241286863270777	mekomba	S1
24448X351	A124_S1	AA	1	0	3	1	2	1	Pf++	0/0	0/0	0.0608651269618476	0.0813534917206623	mekomba	S1
24448X353	A215_S1	AA	1	0	1	0	1	0	Pf+	0/0	0/1	0.00641025641025641	0.131578947368421	ekokoII	S1
24448X355	A219_S1	AS	1	0	3	1	3	1	Pf+++	1/1	0/1	0.990126939351199	0.818181818181818	ekokoII	S1
24448X357	A225_S1	AA	1	0	3	1	3	1	Pf+++	0/1	0/1	0.253681710213777	0.178752107925801	ekokoII	S1
24448X358	A226_S1	AA	0	0	NA	NA	NA	NA	Pf+++	NA	NA	NA	NA	ekokoII	S1
24448X359	A227_S1	AA	0	0	NA	NA	NA	NA	0	NA	NA	NA	NA	ekokoII	S1
24448X36	C463_S1	AA	1	0	2	1	4	1	Pf+	0/0	0/0	0.06282722513089	0	ndangueng	S1
24448X360	A228_S1	AA	1	0	2	1	2	1	Pf++	0/0	0/1	0.0615976900866218	0.431519699812383	ekokoII	S1
24448X361	A229_S1	AA	0	0	NA	NA	NA	NA	0	NA	NA	NA	NA	ekokoII	S1
24448X362	A230_S1	AA	1	0	1	0	1	0	Pf+	0/1	0/1	0.155172413793103	0.904761904761905	ekokoII	S1
24448X363	A232_S1	AA	1	0	3	1	3	1	Pf++++	0/1	0/1	0.44014998557831	0.418563922942207	ekokoII	S1
24448X364	A233_S1	AA	1	0	1	0	3	1	Pf++	0/1	0/1	0.0903361344537815	0.25	ekokoII	S1
24448X365	A234_S1	AA	1	1	2	1	2	1	Pf++	0/1	0/1	0.519013360739979	0.40990990990991	ekokoII	S1
24448X366	A235_S1	AA	1	0	1	0	1	0	Pf+++	0/0	0/0	0.0259525124240751	0	ekokoII	S1
24448X367	A236_S1	AA	0	0	NA	NA	NA	NA	Pf+++	NA	NA	NA	NA	ekokoII	S1
24448X368	A237_S1	AA	1	0	3	1	2	1	Pf+++	0/0	0/1	0.0141426045963465	0.125874125874126	ekokoII	S1
24448X369	A330_S1	AA	1	0	1	0	1	0	Pf+++	0/1	0/0	0.76063829787234	0.0529801324503311	metet	S1
24448X37	C334_S1	AA	1	0	1	0	1	0	Pf+++	0/0	0/0	0.00581170089112747	0.00765696784073507	ndangueng	S1
24448X370	A331_S1	AA	1	0	3	1	2	1	Pf++	0/0	0/1	0.0128205128205128	0.223684210526316	metet	S1
24448X371	A332_S1	AA	1	1	1	0	2	1	0	0/0	0/0	0.0434782608695652	0	metet	S1
24448X372	A340_S1	AA	1	0	2	1	1	0	Pf+++	0/0	0/0	0.0364128799277761	0	metet	S1
24448X373	A342_S1	AA	1	0	4	1	2	1	Pf+	0/0	0/0	0.00315457413249211	0.0194174757281553	metet	S1
24448X374	A345_S1	AA	1	1	3	1	1	0	Pf++	0/0	0/1	0.0216681507865836	0.144599303135889	metet	S1
24448X375	A349_S1	AA	0	0	NA	NA	NA	NA	0	NA	NA	NA	NA	metet	S1
24448X376	A352_S1	AA	1	0	1	0	2	1	Pf++	0/1	0/1	0.373205741626794	0.227272727272727	metet	S1
24448X378	A364_S1	AA	1	0	NA	NA	1	0	Pf++	0/0	0/0	0.00934579439252336	0.0526315789473684	koumouI	S1
24448X38	C343_S1	AA	1	1	1	0	1	0	Pf+	0/1	0/1	0.111111111111111	0.0746268656716418	ndangueng	S1
24448X380	A368_S1	AA	1	0	2	1	2	1	Pf+	0/0	0/0	0.000924385283786282	0.0053715308863026	koumouI	S1
24448X381	A370_S1	AS	1	0	3	1	3	1	Pf++	1/1	1/1	0.956563706563707	0.99562363238512	koumouI	S1
24448X382	A371_S1	AA	1	0	4	1	4	1	Pf+++	0/1	0/1	0.738581146744412	0.68	koumouI	S1
24448X383	A372_S1	AA	1	0	4	1	4	1	0	0/1	0/1	0.128026070763501	0.107776261937244	koumouI	S1
24448X384	A373_S1	AA	0	0	NA	NA	NA	NA	Pf+	NA	NA	NA	NA	koumouI	S1
24448X39	C273_S1	AA	1	0	2	1	2	1	Pf++	0/0	0/0	0.0676416819012797	0	adoum	S1
24448X40	C382_S1	AS	0	0	NA	NA	NA	NA	Pf+	NA	NA	NA	NA	nsimalen	S1
24448X41	C403_S1	AA	1	0	3	1	3	1	Pf++	0/0	0/0	0.012748597654258	0	nsimalen	S1
24448X42	C464_S1	AA	1	0	4	1	4	1	Pf+++	0/1	0/1	0.234750979294908	0.36318407960199	ndangueng	S1
24448X43	C477_S1	AA	1	1	3	1	3	1	Pf++	0/1	0/1	0.0911341482283769	0.308865586272641	ndangueng	S1
24448X44	D2_S1	AA	1	0	2	1	2	1	Pf+++	0/0	0/1	0.0735755944369672	0.114754098360656	nsimalen	S1
24448X45	D15_S1	AS	0	0	NA	NA	NA	NA	Pf+	NA	NA	NA	NA	nsimalen	S1
24448X46	D27_S1	AA	0	0	NA	NA	NA	NA	Pf+	NA	NA	NA	NA	nsimalen	S1
24448X47	C392_S1	AS	1	0	1	0	1	0	0	0/1	0/1	0.145038167938931	0.847826086956522	nsimalen	S1
24448X48	C308_S1	AA	1	0	4	1	3	1	Pf+++	0/0	0/0	0.0285714285714286	0.00393700787401575	ndangueng	S1
24448X49	C285_S1	AA	1	0	3	1	3	1	Pf++	0/0	0/0	0.0213675213675214	0.0285714285714286	adoum	S1
24448X5	C310_S1	AS	1	0	2	1	2	1	Pf++	1/1	1/1	0.987723214285714	0.965397923875433	ndangueng	S1
24448X50	C478_S1	AA	1	0	1	0	1	0	0	0/0	0/0	0.0100456621004566	0	ndangueng	S1
24448X51	C333_S1	AA	1	0	3	1	4	1	Pf++	0/0	0/1	0.00168067226890756	0.1625	ndangueng	S1
24448X52	D16_S1	AA	0	0	NA	NA	NA	NA	Pf++	NA	NA	NA	NA	nsimalen	S1
24448X53	C393_S1	AS	0	0	NA	NA	NA	NA	0	NA	NA	NA	NA	nsimalen	S1
24448X54	C320_S1	AA	1	0	1	0	1	0	0	0/0	0/0	0.0289855072463768	0	ndangueng	S1
24448X57	C317_S1	AS	1	0	2	1	NA	NA	Pf+	0/1	0/1	0.753246753246753	0.827586206896552	ndangueng	S1
24448X58	C380_S1	AS	0	0	NA	NA	NA	NA	Pf+	NA	NA	NA	NA	nsimalen	S1
24448X59	D17_S1	AS	0	0	NA	NA	NA	NA	Pf++	NA	NA	NA	NA	nsimalen	S1
24448X6	C322_S1	AA	1	0	2	1	1	0	0	0/0	0/1	0.00697674418604651	0.584615384615385	ndangueng	S1
24448X60	D29_S1	AS	1	0	2	1	2	1	Pf+	0/1	1/1	0.739449541284404	0.984848484848485	nsimalen	S1
24448X62	C342_S1	AA	1	0	1	0	1	0	Pf+++	0/0	0/0	0.000481000481000481	0.0196850393700787	ndangueng	S1
24448X63	C418_S1	AA	1	0	2	1	3	1	Pf+++	0/1	0/1	0.235331032318795	0.465040650406504	nsimalen	S1
24448X64	C283_S1	AA	1	0	4	1	4	1	Pf++	0/0	0/1	0.00560224089635854	0.12	adoum	S1
24448X65	C304_S1	AA	1	0	1	0	2	1	Pf++	0/0	0/1	0.0576131687242798	0.0555555555555556	ndangueng	S1
24448X66	C395_S1	AA	0	0	NA	NA	NA	NA	Pf+	NA	NA	NA	NA	nsimalen	S1
24448X67	C407_S1	AA	0	0	NA	NA	NA	NA	Pf+	NA	NA	NA	NA	nsimalen	S1
24448X68	C366_S1	AA	1	1	4	1	2	1	Pf+	0/0	0/1	0.00192678227360308	0.346938775510204	nsimalen	S1
24448X69	D18_S1	AA	1	0	1	0	2	1	Pf+	0/1	0/0	0.0888888888888889	0	nsimalen	S1
24448X7	C335_S1	AA	1	0	4	1	4	1	0	0/1	0/1	0.289015151515152	0.459357277882798	ndangueng	S1
24448X70	D30_S1	AA	1	1	3	1	3	1	Pf+++	0/1	0/1	0.141291108404385	0.173838209982788	nsimalen	S1
24448X72	C480_S1	AA	1	0	3	1	5	1	Pf+	0/0	0/1	0.0450261780104712	0.152744630071599	ndangueng	S1
24448X74	D7_S1	AA	0	1	NA	NA	NA	NA	Pf+++	NA	NA	NA	NA	nsimalen	S1
24448X75	C316_S1	AA	1	0	1	0	1	0	Pf++	0/0	0/0	0.0388349514563107	0.0611111111111111	ndangueng	S1
24448X76	D31_S1	AA	0	0	NA	NA	NA	NA	Pf+	NA	NA	NA	NA	nsimalen	S1
24448X77	C396_S1	AA	0	0	NA	NA	NA	NA	0	NA	NA	NA	NA	nsimalen	S1
24448X78	C408_S1	AS	0	1	NA	NA	NA	NA	Pf+	NA	NA	NA	NA	nsimalen	S1
24448X79	C318_S1	AA	1	0	2	1	2	1	Pf++	0/0	0/0	0.0655226209048362	0.0512820512820513	ndangueng	S1
24448X8	C348_S1	AS	1	0	2	1	2	1	Pf+++	1/1	1/1	0.981623788840628	0.988175675675676	ndangueng	S1
24448X80	D20_S1	AA	1	0	1	0	2	1	Pf+++	0/0	0/1	0.0648330058939096	0.118343195266272	nsimalen	S1
24448X81	C397_S1	AA	0	0	NA	NA	NA	NA	0	NA	NA	NA	NA	nsimalen	S1
24448X82	C409_S1	AA	1	0	2	1	3	1	Pf++	0/1	0/1	0.484455958549223	0.636363636363636	nsimalen	S1
24448X83	C485_S1	AA	1	0	3	1	3	1	Pf+	0/0	0/0	0.0767857142857143	0.0613614573346117	ndangueng	S1
24448X84	D9_S1	AA	1	0	3	1	3	1	Pf+++	0/1	0/1	0.368056206088993	0.673167451244116	nsimalen	S1
24448X85	D21_S1	AS	1	0	2	1	2	1	Pf+	1/1	0/1	0.946280991735537	0.8	nsimalen	S1
24448X86	C89_S1	AA	1	1	2	1	2	1	Pf+	0/1	0/1	0.415	0.475	ekokoII	S1
24448X87	C306_S1	AA	1	0	3	1	3	1	Pf+++	0/0	0/1	0.0409356725146199	0.573333333333333	ndangueng	S1
24448X88	C269_S1	AA	1	0	3	1	5	1	Pf++	0/0	0/1	0.0303030303030303	0.168478260869565	adoum	S1
24448X89	C328_S1	AA	1	0	5	1	3	1	Pf+++	0/0	0/1	0.0260663507109005	0.0634920634920635	ndangueng	S1
24448X9	C372_S1	AA	0	0	NA	NA	NA	NA	0	NA	NA	NA	NA	nsimalen	S1
24448X90	C315_S1	AA	1	1	NA	NA	2	1	Pf++	0/0	0/0	0.0130434782608696	0.0285714285714286	ndangueng	S1
24448X91	C364_S1	AA	1	1	1	0	1	0	Pf+	0/0	0/0	0.00173460537727667	0	nsimalen	S1
24448X92	C338_S1	AA	0	0	NA	NA	NA	NA	Pf+	NA	NA	NA	NA	ndangueng	S1
24448X93	C326_S1	AA	1	1	2	1	2	1	Pf+	0/0	0/0	0.00101626016260163	0.0157068062827225	ndangueng	S1
24448X94	C280_S1	AA	1	0	3	1	2	1	0	0/0	0/0	0.0543735224586288	0	adoum	S1
24448X95	C267_S1	AS	0	0	NA	NA	NA	NA	Pf++	NA	NA	NA	NA	adoum	S1
24448X96	C302_S1	AA	1	0	1	0	1	0	Pf+	0/1	0/0	0.448275862068966	0	ndangueng	S1
24466X10	B86_S2	AA	1	0	2	1	2	1	Pf+	0/0	0/0	0.0215462610899873	0	ekokoII	S2
24466X100	B291_S3	AA	1	0	3	1	4	1	Pf+	0/1	0/1	0.11128526645768	0.140776699029126	metet	S3
24466X101	B293_S3	AA	1	0	2	1	2	1	Pf+	0/0	0/0	0.0107142857142857	0.0192307692307692	metet	S3
24466X102	C231_S3	AA	1	0	2	1	4	1	0	0/1	0/0	0.0994623655913978	0	metet	S3
24466X103	B295_S3	AA	1	0	1	0	1	0	Pf++	0/0	0/0	0.0026857654431513	0.00404858299595142	metet	S3
24466X104	B296_S3	AA	1	0	1	0	1	0	0	0/0	0/0	0.00174520069808028	0.00829694323144105	metet	S3
24466X106	C1_S3	AS	1	0	4	1	3	1	Pf+++	1/1	1/1	0.988313856427379	0.982608695652174	ekokoII	S3
24466X108	C3_S3	AA	1	1	2	1	2	1	Pf+	0/1	0/1	0.130769230769231	0.149797570850202	ekokoII	S3
24466X11	B178_S2	AA	0	0	NA	NA	NA	NA	0	NA	NA	NA	NA	koumouI	S2
24466X110	C5_S3	AA	0	0	NA	NA	NA	NA	0	NA	NA	NA	NA	ekokoII	S3
24466X111	C6_S3	AS	1	0	1	0	NA	NA	0	0/1	./.	0.380952380952381	0.5	ekokoII	S3
24466X112	C7_S3	AA	0	0	NA	NA	NA	NA	Pf+	NA	NA	NA	NA	ekokoII	S3
24466X113	C8_S3	AA	1	0	3	1	2	1	Pf+++	0/1	0/1	0.710677691892864	0.673352435530086	ekokoII	S3
24466X114	C9_S3	AA	1	0	1	0	1	0	Pf++	1/1	1/1	0.991498405951116	0.982558139534884	ekokoII	S3
24466X115	C10_S3	AS	0	0	NA	NA	NA	NA	Pf+	NA	NA	NA	NA	ekokoII	S3
24466X116	C11_S3	AA	1	0	2	1	3	1	Pf++	0/1	0/1	0.785403050108932	0.772946859903382	ekokoII	S3
24466X117	C12_S3	AA	0	0	NA	NA	NA	NA	Pf++	NA	NA	NA	NA	ekokoII	S3
24466X118	C13_S3	AA	0	0	NA	NA	NA	NA	Pf++	NA	NA	NA	NA	ekokoII	S3
24466X119	C14_S3	AS	1	0	3	1	3	1	0	0/1	1/1	0.571428571428571	0.978527607361963	ekokoII	S3
24466X12	B179_S2	AA	1	1	2	1	4	1	Pf++	0/0	0/0	0.0291924142339655	0.0017825311942959	koumouI	S2
24466X120	C15_S3	AS	1	0	1	0	1	0	0	0/1	0/1	0.85	0.75	ekokoII	S3
24466X121	C16_S3	AA	0	0	NA	NA	NA	NA	0	NA	NA	NA	NA	ekokoII	S3
24466X122	C17_S3	AA	1	0	NA	NA	1	0	0	0/0	./.	0.0923076923076923	0	ekokoII	S3
24466X123	C18_S3	AS	0	0	NA	NA	NA	NA	0	NA	NA	NA	NA	ekokoII	S3
24466X124	C19_S3	AA	1	0	2	1	1	0	0	0/1	0/1	0.217318900915903	0.172727272727273	ekokoII	S3
24466X125	C20_S3	AA	1	0	NA	NA	NA	NA	0	0/1	0/0	0.457627118644068	0.0606060606060606	ekokoII	S3
24466X126	C21_S3	AA	1	0	3	1	5	1	0	0/1	0/1	0.0850801479654747	0.306122448979592	ekokoII	S3
24466X127	C22_S3	AA	1	0	3	1	3	1	0	0/1	0/1	0.244297003131057	0.235024665257223	ekokoII	S3
24466X128	C23_S3	AA	1	1	2	1	2	1	0	0/0	0/1	0.0445632798573975	0.184210526315789	ekokoII	S3
24466X129	C24_S3	AS	1	1	1	0	1	0	Pf+	0/1	./.	0.853658536585366	1	ekokoII	S3
24466X13	B180_S2	AA	1	0	1	0	1	0	0	0/1	0/1	0.735006973500697	0.786596119929453	koumouI	S2
24466X130	C25_S3	AA	1	0	1	0	1	0	Pf+	0/0	0/1	0.0728155339805825	0.207547169811321	ekokoII	S3
24466X131	C26_S3	AA	1	0	1	0	2	1	0	0/0	0/0	0.0528052805280528	0.0236220472440945	ekokoII	S3
24466X132	C27_S3	AA	0	0	NA	NA	NA	NA	0	NA	NA	NA	NA	ekokoII	S3
24466X133	C28_S3	AA	0	0	NA	NA	NA	NA	0	NA	NA	NA	NA	ekokoII	S3
24466X134	C29_S3	AA	1	0	NA	NA	NA	NA	0	0/1	./.	0.178947368421053	NA	ekokoII	S3
24466X135	C30_S3	AA	1	0	2	1	3	1	Pf+	0/1	0/1	0.194308581591819	0.334029227557411	ekokoII	S3
24466X136	C31_S3	AA	1	0	2	1	1	0	Pf+	0/0	0/0	0.0168067226890756	0.0245901639344262	ekokoII	S3
24466X137	C32_S3	AA	1	0	2	1	3	1	Pf+	0/1	0/1	0.0980392156862745	0.273333333333333	ekokoII	S3
24466X138	C33_S3	AA	1	0	3	1	2	1	Pf+++	0/0	0/0	0.0849514563106796	0.0342465753424658	ekokoII	S3
24466X139	C34_S3	AA	1	1	1	0	5	1	Pf+	0/1	0/1	0.161764705882353	0.180327868852459	ekokoII	S3
24466X14	C25_S2	AA	1	0	3	1	3	1	Pf++	0/1	0/1	0.176844262295082	0.205841446453408	mekomba	S2
24466X140	C35_S3	AA	0	0	NA	NA	NA	NA	Pf++	NA	NA	NA	NA	ekokoII	S3
24466X141	C36_S3	AA	1	0	1	0	2	1	0	0/1	0/1	0.325301204819277	0.806818181818182	ekokoII	S3
24466X142	C37_S3	AA	0	0	NA	NA	NA	NA	0	NA	NA	NA	NA	ekokoII	S3
24466X143	C38_S3	AA	1	0	1	0	1	0	0	1/1	1/1	0.960374639769452	0.976470588235294	ekokoII	S3
24466X144	C39_S3	AS	1	0	NA	NA	NA	NA	0	0/1	0/0	0.567567567567568	0	ekokoII	S3
24466X145	C40_S3	AA	0	0	NA	NA	NA	NA	Pf+	NA	NA	NA	NA	ekokoII	S3
24466X146	C41_S3	AA	1	0	2	1	3	1	0	0/1	0/1	0.124324324324324	0.531468531468531	ekokoII	S3
24466X147	C42_S3	AA	1	0	3	1	3	1	Pf++	0/1	0/1	0.213532513181019	0.120464441219158	ekokoII	S3
24466X148	C43_S3	AA	0	0	NA	NA	NA	NA	0	NA	NA	NA	NA	ekokoII	S3
24466X149	C44_S3	AA	1	0	2	1	3	1	0	0/0	0/0	0.00505780346820809	0.0255681818181818	ekokoII	S3
24466X15	B182_S2	AA	1	0	4	1	2	1	0	0/0	0/1	0.069811320754717	0.09	koumouI	S2
24466X150	C45_S3	AA	0	0	NA	NA	NA	NA	Pf+	NA	NA	NA	NA	ekokoII	S3
24466X151	C46_S3	AS	1	0	1	0	1	0	0	0/1	1/1	0.841530054644809	0.95	ekokoII	S3
24466X152	C47_S3	AA	1	0	3	1	2	1	Pf++	0/0	0/1	0.0755287009063444	0.423076923076923	ekokoII	S3
24466X153	C48_S3	AA	1	0	1	0	2	1	0	0/0	0/0	0.0275229357798165	0	ekokoII	S3
24466X154	C49_S3	AA	1	0	4	1	3	1	0	0/0	0/0	0.0567484662576687	0	ekokoII	S3
24466X155	C50_S3	AS	1	0	4	1	3	1	0	1/1	1/1	0.995710455764075	0.998727735368957	ekokoII	S3
24466X156	C51_S3	AA	0	0	NA	NA	NA	NA	Pf+	NA	NA	NA	NA	ekokoII	S3
24466X157	C52_S3	AA	0	0	NA	NA	NA	NA	0	NA	NA	NA	NA	ekokoII	S3
24466X158	C53_S3	AA	1	0	1	0	1	0	Pf++	0/0	0/0	0.000544563441640951	0.00422960725075529	ekokoII	S3
24466X159	C54_S3	AA	0	0	NA	NA	NA	NA	0	NA	NA	NA	NA	ekokoII	S3
24466X16	B183_S2	AA	1	1	1	0	1	0	Pf+++	0/0	0/0	0.00368291827428972	0.068215892053973	koumouI	S2
24466X160	C55_S3	AS	0	0	NA	NA	NA	NA	0	NA	NA	NA	NA	ekokoII	S3
24466X161	C56_S3	AA	1	0	3	1	3	1	Pf+++	0/0	0/0	0.0294627383015598	0	ekokoII	S3
24466X162	C57_S3	AA	0	0	NA	NA	NA	NA	0	NA	NA	NA	NA	ekokoII	S3
24466X163	C61_S3	AS	0	0	NA	NA	NA	NA	0	NA	NA	NA	NA	koumouI	S3
24466X164	C62_S3	AA	1	1	1	0	1	0	Pf++	0/0	0/0	0.0032546786004882	0.00516795865633075	koumouI	S3
24466X165	C63_S3	AA	1	0	6	1	4	1	0	0/1	0/1	0.177092511013216	0.24025974025974	koumouI	S3
24466X166	C64_S3	AA	1	0	2	1	2	1	Pf+	0/0	0/1	0.00746268656716418	0.66271186440678	koumouI	S3
24466X167	C65_S3	AA	1	0	1	0	2	1	Pf+	0/1	0/1	0.607017543859649	0.92	koumouI	S3
24466X168	C66_S3	AS	1	1	3	1	2	1	Pf+	1/1	1/1	0.918300653594771	0.974117647058824	koumouI	S3
24466X169	C67_S3	AA	0	0	NA	NA	NA	NA	0	NA	NA	NA	NA	koumouI	S3
24466X17	B184_S2	AA	0	0	NA	NA	NA	NA	Pf++	NA	NA	NA	NA	koumouI	S2
24466X170	C68_S3	AA	0	0	NA	NA	NA	NA	Pf++	NA	NA	NA	NA	koumouI	S3
24466X171	C69_S3	AA	0	0	NA	NA	NA	NA	Pf+++	NA	NA	NA	NA	koumouI	S3
24466X172	C71_S3	AA	1	0	NA	NA	1	0	Pf++	0/1	0/1	0.157407407407407	0.272727272727273	koumouI	S3
24466X173	C72_S3	AA	1	0	3	1	4	1	0	0/0	0/1	0.0210057288351369	0.207678883071553	koumouI	S3
24466X174	C73_S3	AA	1	0	2	1	4	1	Pf+	0/1	0/1	0.374149659863946	0.688311688311688	koumouI	S3
24466X175	C74_S3	AA	0	0	NA	NA	NA	NA	0	NA	NA	NA	NA	koumouI	S3
24466X176	C75_S3	AA	0	1	NA	NA	NA	NA	Pf+	NA	NA	NA	NA	koumouI	S3
24466X177	A189_S3	AS	1	0	2	1	2	1	Pf++	1/1	1/1	0.992996108949416	0.987138263665595	nsimalen	S3
24466X178	C237_S3	AA	1	1	1	0	1	0	Pf++	0/0	0/1	0.0787037037037037	0.190082644628099	metet	S3
24466X179	C236_S3	AA	1	0	4	1	2	1	Pf+	0/0	0/1	0.00802752293577982	0.215469613259669	metet	S3
24466X18	B186_S2	AS	1	0	1	0	3	1	Pf+++	1/1	1/1	0.999033660814946	0.998376623376623	koumouI	S2
24466X180	C235_S3	AA	1	0	2	1	1	0	Pf+	0/1	0/1	0.278637770897833	0.278688524590164	metet	S3
24466X181	C234_S3	AA	0	0	NA	NA	NA	NA	0	NA	NA	NA	NA	metet	S3
24466X182	C233_S3	AA	1	1	2	1	2	1	Pf++	0/0	0/0	0.0279459711224965	0.013215859030837	metet	S3
24466X183	C232_S3	AA	1	0	3	1	1	0	Pf++	0/0	0/0	0.00568181818181818	0.0446927374301676	metet	S3
24466X184	C230_S3	AA	0	0	NA	NA	NA	NA	Pf++	NA	NA	NA	NA	metet	S3
24466X185	C229_S3	AA	1	0	2	1	2	1	Pf+	0/0	./.	0.0384615384615385	0.142857142857143	metet	S3
24466X186	C228_S3	AS	1	0	2	1	3	1	Pf+++	1/1	1/1	0.989886219974716	0.99	metet	S3
24466X187	C227_S3	AA	1	1	3	1	3	1	Pf++	0/0	0/0	0.0489417989417989	0.0546875	metet	S3
24466X188	C226_S3	AA	0	0	NA	NA	NA	NA	0	NA	NA	NA	NA	metet	S3
24466X189	C225_S3	AA	0	0	NA	NA	NA	NA	Pf+	NA	NA	NA	NA	metet	S3
24466X19	B187_S2	AA	1	0	3	1	2	1	Pf+++	0/1	0/1	0.373844121532365	0.295412844036697	koumouI	S2
24466X190	C224_S3	AS	0	0	NA	NA	NA	NA	0	NA	NA	NA	NA	metet	S3
24466X191	C223_S3	AS	1	0	1	0	1	0	Pf+++	1/1	1/1	0.998595050253972	0.994610778443114	metet	S3
24466X192	C214_S3	AA	0	0	NA	NA	NA	NA	0	NA	NA	NA	NA	nkassomo	S3
24466X193	B70_S2	AA	0	0	NA	NA	NA	NA	Pf++	NA	NA	NA	NA	ekokoII	S2
24466X194	B294_S3	AA	0	0	NA	NA	NA	NA	Pf+++	NA	NA	NA	NA	metet	S3
24466X195	B72_S2	AA	1	0	1	0	2	1	0	0/1	0/1	0.224157955865273	0.226415094339623	ekokoII	S2
24466X196	B73_S2	AS	0	0	NA	NA	NA	NA	0	NA	NA	NA	NA	ekokoII	S2
24466X197	B74_S2	AA	0	0	NA	NA	NA	NA	Pf+++	NA	NA	NA	NA	ekokoII	S2
24466X198	B75_S2	AS	1	0	3	1	3	1	Pf++	1/1	1/1	0.983251919050942	1	ekokoII	S2
24466X199	B107_S2	AA	0	0	NA	NA	NA	NA	0	NA	NA	NA	NA	ekokoII	S2
24466X2	B167_S2	AA	1	0	2	1	2	1	Pf++	0/0	0/0	0.0385756676557863	0	koumouI	S2
24466X20	B188_S2	AA	1	0	1	0	1	0	0	0/0	1/1	0.00437636761487965	0.975909789851358	koumouI	S2
24466X200	B77_S2	AA	1	0	2	1	4	1	Pf+	0/1	0/1	0.12406015037594	0.191489361702128	ekokoII	S2
24466X201	B78_S2	AA	0	0	NA	NA	NA	NA	Pf++	NA	NA	NA	NA	ekokoII	S2
24466X202	B79_S2	AS	0	0	NA	NA	NA	NA	Pf++	NA	NA	NA	NA	ekokoII	S2
24466X203	B80_S2	AS	0	0	NA	NA	NA	NA	Pf+++	NA	NA	NA	NA	ekokoII	S2
24466X204	B81_S2	AA	0	0	NA	NA	NA	NA	Pf++	NA	NA	NA	NA	ekokoII	S2
24466X205	B100_S2	AA	1	1	1	0	1	0	Pf+++	0/0	1/1	0.00614016514926953	0.978305785123967	ekokoII	S2
24466X206	B83_S2	AA	0	0	NA	NA	NA	NA	0	NA	NA	NA	NA	ekokoII	S2
24466X207	B84_S2	AA	1	0	1	0	4	1	Pf+++	0/1	0/1	0.2	0.176470588235294	ekokoII	S2
24466X208	B150_S2	AA	1	0	3	1	3	1	0	0/1	0/1	0.119718309859155	0.129032258064516	koumouI	S2
24466X209	B167_S3	AS	0	0	NA	NA	NA	NA	0	NA	NA	NA	NA	nsimalen	S3
24466X21	B189_S2	AA	1	0	4	1	4	1	Pf+	0/0	0/1	0.0172272354388843	0.0997830802603037	koumouI	S2
24466X210	B87_S2	AA	1	0	2	1	2	1	Pf+	0/0	0/0	0.0110114192495922	0	ekokoII	S2
24466X211	B88_S2	AA	1	0	1	0	1	0	0	0/1	0/0	0.064	0.0666666666666667	ekokoII	S2
24466X212	B89_S2	AA	1	0	2	1	2	1	Pf+++	0/1	1/1	0.883333333333333	0.93993993993994	ekokoII	S2
24466X213	B94_S2	AA	1	0	1	0	1	0	0	1/1	1/1	0.950273224043716	0.994106090373281	ekokoII	S2
24466X214	B120_S2	AA	1	0	1	0	1	0	Pf+++	0/0	0/0	0.00839771582129661	0.024390243902439	ekokoII	S2
24466X215	B92_S2	AA	1	0	3	1	3	1	0	0/1	0/1	0.378048780487805	0.646778042959427	ekokoII	S2
24466X216	B145_S2	AS	0	0	NA	NA	NA	NA	Pf++	NA	NA	NA	NA	koumouI	S2
24466X217	B170_S3	AS	0	0	NA	NA	NA	NA	Pf+	NA	NA	NA	NA	nsimalen	S3
24466X218	B95_S2	AA	1	0	4	1	3	1	Pf+	0/0	0/1	0.0308555399719495	0.236363636363636	ekokoII	S2
24466X219	B96_S2	AA	1	0	NA	NA	NA	NA	Pf+	0/1	0/1	0.160714285714286	0.1	ekokoII	S2
24466X22	B190_S2	AA	1	1	2	1	2	1	Pf++	0/1	0/1	0.383259911894273	0.575757575757576	koumouI	S2
24466X220	B97_S2	AA	1	0	3	1	3	1	Pf++	0/0	0/0	0.068870523415978	0.0640834575260805	ekokoII	S2
24466X221	B98_S2	AS	1	0	2	1	1	0	Pf+	1/1	1/1	0.973856209150327	1	ekokoII	S2
24466X222	B99_S2	AA	1	0	3	1	3	1	Pf+++	0/0	0/1	0.00241545893719807	0.393589743589744	ekokoII	S2
24466X223	B116_S2	AA	1	0	4	1	3	1	Pf+++	0/1	0/1	0.463800904977376	0.794871794871795	ekokoII	S2
24466X224	B156_S2	AS	1	0	NA	NA	1	0	Pf++	0/1	0/1	0.520833333333333	0.666666666666667	koumouI	S2
24466X225	B102_S3	AA	1	1	2	1	1	0	Pf++	0/1	0/1	0.839863713798978	0.850467289719626	koumouI	S3
24466X226	B103_S2	AS	1	1	3	1	3	1	Pf+++	1/1	1/1	0.997761042133116	0.998819362455726	ekokoII	S2
24466X227	B104_S2	AA	1	0	1	0	1	0	Pf+	0/0	0/0	0.00121212121212121	0.00546448087431694	ekokoII	S2
24466X228	B105_S2	AS	1	0	1	0	2	1	Pf++	1/1	1/1	1	0.983050847457627	ekokoII	S2
24466X229	B106_S2	AA	1	0	1	0	2	1	Pf++	0/1	0/1	0.605769230769231	0.613333333333333	ekokoII	S2
24466X230	B111_S2	AA	0	0	NA	NA	NA	NA	Pf++	NA	NA	NA	NA	ekokoII	S2
24466X232	B82_S2	AA	1	0	2	1	1	0	Pf+++	0/1	0/1	0.32010582010582	0.185840707964602	ekokoII	S2
24466X233	B110_S2	AA	1	0	2	1	2	1	Pf+++	0/0	0/0	0.00143266475644699	0	ekokoII	S2
24466X234	B123_S2	AA	0	1	NA	NA	NA	NA	Pf+	NA	NA	NA	NA	ekokoII	S2
24466X235	B109_S2	AA	1	1	4	1	4	1	Pf++	0/0	0/1	0.00269330041521715	0.396551724137931	ekokoII	S2
24466X236	B113_S2	AA	1	1	2	1	2	1	Pf++	0/0	0/1	0.0178571428571429	0.184397163120567	ekokoII	S2
24466X237	B114_S2	AA	1	0	NA	NA	NA	NA	0	0/1	1/1	0.688073394495413	1	ekokoII	S2
24466X238	B102_S2	AS	1	0	2	1	2	1	Pf++	1/1	1/1	0.981857764876633	0.986702127659574	ekokoII	S2
24466X239	B117_S2	AS	0	0	NA	NA	NA	NA	Pf+	NA	NA	NA	NA	ekokoII	S2
24466X24	B192_S2	AS	1	0	4	1	2	1	Pf+++	1/1	1/1	0.999051053330803	0.995391705069124	koumouI	S2
24466X240	B91_S2	AA	1	0	1	0	1	0	Pf++	0/0	0/0	0.0406486486486487	0.0440613026819923	ekokoII	S2
24466X241	B118_S2	AA	1	0	3	1	2	1	Pf+++	0/0	0/0	0.00172117039586919	0.00269541778975741	ekokoII	S2
24466X242	B119_S2	AA	1	0	2	1	1	0	Pf+	0/0	0/0	0.00371747211895911	0.1	ekokoII	S2
24466X244	B121_S2	AA	1	0	4	1	4	1	Pf+	0/1	0/1	0.320175438596491	0.143712574850299	ekokoII	S2
24466X245	B122_S2	AA	0	0	NA	NA	NA	NA	Pf++	NA	NA	NA	NA	ekokoII	S2
24466X246	B93_S2	AA	1	0	2	1	1	0	Pf++	0/1	0/1	0.0835443037974684	0.289855072463768	ekokoII	S2
24466X247	B124_S2	AA	1	0	3	1	3	1	Pf+++	0/0	0/1	0.0347490347490347	0.514492753623188	ekokoII	S2
24466X248	B141_S2	AA	1	0	1	0	1	0	Pf+++	0/0	0/0	0.00201133662461145	0.0010989010989011	koumouI	S2
24466X249	B142_S2	AS	1	0	1	0	1	0	Pf++	1/1	1/1	0.988767281105991	0.9979035639413	koumouI	S2
24466X25	B193_S2	AS	1	0	3	1	3	1	Pf++	1/1	1/1	0.994949076757473	0.998669032830524	koumouI	S2
24466X250	B143_S2	AA	1	0	2	1	3	1	Pf++	0/0	0/1	0.0424869175180663	0.299595141700405	koumouI	S2
24466X251	B144_S2	AS	1	0	6	1	3	1	Pf++	1/1	1/1	0.995134896063689	0.999333333333333	koumouI	S2
24466X252	B85_S2	AA	0	0	NA	NA	NA	NA	Pf++	NA	NA	NA	NA	ekokoII	S2
24466X253	B146_S2	AA	1	0	NA	NA	NA	NA	Pf+	0/1	./.	0.16793893129771	0.714285714285714	koumouI	S2
24466X254	B147_S2	AA	1	0	2	1	3	1	Pf+++	0/0	0/0	0.0068649885583524	0.0467032967032967	koumouI	S2
24466X255	B115_S2	AS	1	0	NA	NA	NA	NA	Pf++	0/1	0/1	0.087719298245614	0.578947368421053	ekokoII	S2
24466X256	B149_S2	AA	1	0	4	1	4	1	Pf+++	0/0	0/0	0.00172191132156694	0.0192	koumouI	S2
24466X257	B57_S3	AA	1	0	1	0	2	1	Pf+	0/1	0/1	0.584821428571429	0.516129032258065	ekokoII	S3
24466X258	B151_S2	AS	1	0	1	0	1	0	Pf+++	1/1	1/1	0.967741935483871	1	koumouI	S2
24466X259	B152_S2	AA	1	0	3	1	5	1	Pf+++	0/1	0/1	0.111709286675639	0.0909090909090909	koumouI	S2
24466X26	B194_S2	AA	0	0	NA	NA	NA	NA	0	NA	NA	NA	NA	koumouI	S2
24466X260	B153_S2	AA	1	0	1	0	1	0	Pf+	0/0	0/0	0.00634057971014493	0.000433275563258232	koumouI	S2
24466X261	B154_S2	AA	1	1	1	0	1	0	Pf++	0/0	0/0	0.0576923076923077	0	koumouI	S2
24466X262	B71_S2	AA	1	0	3	1	4	1	Pf++	0/1	0/1	0.376344086021505	0.519083969465649	ekokoII	S2
24466X263	B112_S2	AA	1	0	2	1	2	1	Pf+	0/1	0/1	0.693181818181818	0.0597014925373134	ekokoII	S2
24466X264	B157_S2	AA	1	0	2	1	3	1	Pf+++	0/1	0/0	0.0758965804837364	0.0663265306122449	koumouI	S2
24466X265	B158_S2	AS	1	0	2	1	3	1	Pf++	1/1	1/1	0.973975276512687	0.991836734693878	koumouI	S2
24466X266	B159_S2	AA	1	0	4	1	3	1	Pf+++	0/1	0/1	0.175328083989501	0.276729559748428	koumouI	S2
24466X267	B160_S2	AA	1	0	1	0	2	1	Pf+	0/1	0/1	0.526666666666667	0.615384615384615	koumouI	S2
24466X268	B161_S2	AA	1	0	2	1	1	0	Pf+++	0/1	0/1	0.612612612612613	0.761904761904762	koumouI	S2
24466X269	B162_S2	AA	1	0	NA	NA	3	1	Pf+++	0/1	0/1	0.107638888888889	0.0625	koumouI	S2
24466X27	B195_S2	AS	1	0	2	1	2	1	Pf+	1/1	1/1	0.964167935058346	0.997937080969572	koumouI	S2
24466X270	B163_S2	AS	1	1	2	1	2	1	0	1/1	1/1	0.990720282810429	1	koumouI	S2
24466X271	B164_S2	AA	1	0	1	0	2	1	Pf+++	0/0	0/0	0.0248149760557249	0.02321083172147	koumouI	S2
24466X272	B165_S2	AA	0	1	NA	NA	NA	NA	Pf++	NA	NA	NA	NA	koumouI	S2
24466X274	B101_S2	AS	1	0	2	1	1	0	Pf++	1/1	1/1	0.970588235294118	1	ekokoII	S2
24466X275	C8_S2	AA	1	0	2	1	1	0	Pf+++	1/1	0/1	0.958874094050227	0.264652014652015	nkassomo	S2
24466X276	C9_S2	AA	1	0	1	0	2	1	Pf+++	0/0	0/1	0	0.22	nkassomo	S2
24466X277	C10_S2	AA	1	0	1	0	1	0	Pf+++	0/0	0/1	0.0701298701298701	0.0754716981132075	nkassomo	S2
24466X278	B155_S2	AA	0	0	NA	NA	NA	NA	Pf++	NA	NA	NA	NA	koumouI	S2
24466X279	C12_S2	AA	0	0	NA	NA	NA	NA	Pf+	NA	NA	NA	NA	nkassomo	S2
24466X28	B196_S2	AS	1	0	2	1	2	1	Pf+++	0/1	1/1	0.185526315789474	0.995833333333333	koumouI	S2
24466X280	C13_S2	AA	1	0	NA	NA	NA	NA	0	0/1	0/1	0.529850746268657	0.227272727272727	nkassomo	S2
24466X281	C14_S2	AA	0	1	NA	NA	NA	NA	Pf++	NA	NA	NA	NA	nkassomo	S2
24466X282	C15_S2	AA	1	0	1	0	1	0	Pf+++	0/0	0/0	0.0504201680672269	0.0238095238095238	nkassomo	S2
24466X283	C21_S2	AA	1	0	3	1	3	1	Pf+++	0/1	0/1	0.571973664521921	0.698537095088819	mekomba	S2
24466X284	C22_S2	AA	1	1	1	0	1	0	Pf+++	0/0	0/0	0	0	mekomba	S2
24466X285	C23_S2	AA	0	0	NA	NA	NA	NA	Pf++	NA	NA	NA	NA	mekomba	S2
24466X286	C11_S2	AA	0	0	NA	NA	NA	NA	Pf+	NA	NA	NA	NA	nkassomo	S2
24466X287	C26_S2	AA	0	0	NA	NA	NA	NA	0	NA	NA	NA	NA	mekomba	S2
24466X288	C27_S2	AA	1	0	1	0	2	1	Pf++	0/0	0/1	0.023370233702337	0.867704280155642	mekomba	S2
24466X289	A374_S1	AA	1	0	1	0	3	1	Pf+	0/0	0/0	0.00638297872340425	0.02	koumouI	S1
24466X29	B197_S2	AA	1	0	4	1	3	1	0	0/0	0/0	0.016187870497036	0.014866979655712	koumouI	S2
24466X290	A375_S1	AA	0	0	NA	NA	NA	NA	Pf++	NA	NA	NA	NA	koumouI	S1
24466X291	A377_S1	AA	1	0	1	0	1	0	0	0/0	0/0	0	0	koumouI	S1
24466X292	A378_S1	AS	0	0	NA	NA	NA	NA	0	NA	NA	NA	NA	koumouI	S1
24466X293	A379_S1	AA	1	0	2	1	2	1	Pf+++	0/1	0/1	0.36479892310281	0.329411764705882	koumouI	S1
24466X294	A380_S1	AA	1	0	2	1	4	1	Pf+	0/0	0/1	0	0.0769230769230769	koumouI	S1
24466X295	A381_S1	AA	1	0	3	1	3	1	Pf++	0/0	0/0	0.0044296788482835	0.00588235294117647	koumouI	S1
24466X298	A386_S1	AA	0	0	NA	NA	NA	NA	0	NA	NA	NA	NA	koumouI	S1
24466X299	A387_S1	AA	1	1	1	0	1	0	Pf++	0/1	./.	0.0606060606060606	0.25	koumouI	S1
24466X3	B169_S2	AA	0	0	NA	NA	NA	NA	0	NA	NA	NA	NA	koumouI	S2
24466X30	B198_S2	AA	0	0	NA	NA	NA	NA	Pf+	NA	NA	NA	NA	koumouI	S2
24466X300	A389_S1	AA	1	0	1	0	1	0	0	0/0	0/0	0.0254237288135593	0	koumouI	S1
24466X301	A390_S1	AA	1	0	NA	NA	1	0	Pf+	0/1	0/0	0.137931034482759	0	koumouI	S1
24466X303	A392_S1	AA	1	0	3	1	5	1	Pf++	0/0	0/1	0.056	0.194444444444444	koumouI	S1
24466X305	A126_S1	AA	0	0	NA	NA	NA	NA	0	NA	NA	NA	NA	mekomba	S1
24466X306	A127_S1	AS	1	0	1	0	1	0	Pf+++	1/1	1/1	0.998968363136176	0.992125984251969	mekomba	S1
24466X307	A128_S1	AA	0	0	NA	NA	NA	NA	0	NA	NA	NA	NA	mekomba	S1
24466X308	A129_S1	AA	0	0	NA	NA	NA	NA	0	NA	NA	NA	NA	mekomba	S1
24466X309	A130_S1	AS	1	0	1	0	2	1	Pf+	0/1	1/1	0.401162790697674	0.986301369863014	mekomba	S1
24466X31	B199_S2	AA	1	0	3	1	3	1	Pf+++	0/1	0/1	0.472826086956522	0.456967213114754	koumouI	S2
24466X310	A131_S1	AS	0	0	NA	NA	NA	NA	0	NA	NA	NA	NA	mekomba	S1
24466X311	A133_S1	AA	1	0	3	1	4	1	Pf+++	0/0	0/1	0.0824989987985583	0.102870813397129	mekomba	S1
24466X312	A134_S1	AA	1	0	1	0	2	1	Pf+++	0/1	0/1	0.80391804457225	0.819772528433946	mekomba	S1
24466X313	A135_S1	AA	1	0	2	1	3	1	Pf++	0/0	0/0	0.00123304562268804	0.002	mekomba	S1
24466X314	A136_S1	AS	1	0	3	1	2	1	Pf++	1/1	1/1	0.956098270097398	0.997729852440409	mekomba	S1
24466X315	A137_S1	AA	1	0	2	1	2	1	Pf++	0/1	0/1	0.186573670444638	0.262135922330097	mekomba	S1
24466X316	A139_S1	AA	1	0	2	1	2	1	0	0/0	0/0	0.004149377593361	0	mekomba	S1
24466X317	A140_S1	AA	1	0	1	0	2	1	Pf+++	0/1	0/1	0.252129471890971	0.288888888888889	mekomba	S1
24466X318	A143_S1	AS	0	1	NA	NA	NA	NA	Pf+	NA	NA	NA	NA	mekomba	S1
24466X319	A144_S1	AA	1	0	3	1	4	1	Pf++	0/0	0/1	0.00917992656058752	0.181547619047619	mekomba	S1
24466X32	B200_S2	AA	1	0	1	0	1	0	Pf+++	1/1	1/1	0.983708623015461	0.989224137931034	koumouI	S2
24466X320	A145_S1	AA	1	1	1	0	1	0	Pf+++	0/0	0/0	0.00840657241115781	0.00390625	mekomba	S1
24466X321	A161_S1	AS	1	0	1	0	1	0	Pf+++	1/1	1/1	0.991900905192949	0.995584988962472	ekokoII	S1
24466X322	A162_S1	AA	1	0	NA	NA	NA	NA	Pf++	0/0	0/0	0.0483870967741935	0	ekokoII	S1
24466X323	A164_S1	AA	1	0	2	1	3	1	0	0/1	0/1	0.259351620947631	0.215686274509804	ekokoII	S1
24466X324	A165_S1	AA	1	0	4	1	3	1	Pf+++	0/1	0/1	0.0984952120383037	0.267857142857143	ekokoII	S1
24466X325	A166_S1	AA	0	0	NA	NA	NA	NA	0	NA	NA	NA	NA	ekokoII	S1
24466X327	A169_S1	AS	0	0	NA	NA	NA	NA	0	NA	NA	NA	NA	ekokoII	S1
24466X328	A170_S1	AA	0	0	NA	NA	NA	NA	Pf+	NA	NA	NA	NA	ekokoII	S1
24466X329	A171_S1	AA	1	0	3	1	2	1	Pf++	0/0	0/0	0.00259909031838856	0.00239808153477218	ekokoII	S1
24466X33	B201_S2	AA	1	0	4	1	1	0	Pf++	0/0	0/0	0.00470035252643948	0.0710659898477157	koumouI	S2
24466X330	A172_S1	SS	1	1	2	1	2	1	Pf++	1/1	1/1	0.994374120956399	0.986842105263158	ekokoII	S1
24466X331	A175_S1	AA	1	0	2	1	2	1	Pf++	0/0	0/1	0.0232558139534884	0.348484848484849	ekokoII	S1
24466X332	A176_S1	AA	1	0	NA	NA	1	0	Pf++	0/1	0/1	0.271604938271605	0.19047619047619	ekokoII	S1
24466X333	A177_S1	AA	0	0	NA	NA	NA	NA	0	NA	NA	NA	NA	ekokoII	S1
24466X334	A178_S1	AA	1	0	2	1	2	1	Pf+++	0/0	0/0	0.00119284294234592	0	ekokoII	S1
24466X335	A180_S1	AA	1	0	4	1	3	1	Pf+	0/0	0/1	0.0466012613875263	0.249084249084249	ekokoII	S1
24466X336	A182_S1	AA	1	1	1	0	1	0	Pf+	0/0	0/0	0.037037037037037	0.0265486725663717	ekokoII	S1
24466X337	A183_S1	AA	0	0	NA	NA	NA	NA	0	NA	NA	NA	NA	ekokoII	S1
24466X338	A184_S1	AA	1	0	3	1	4	1	Pf++	0/0	0/1	0.00127226463104326	0.51063829787234	ekokoII	S1
24466X339	A185_S1	AA	1	0	4	1	3	1	Pf+++	0/0	0/0	0.0234741784037559	0.0246913580246914	ekokoII	S1
24466X34	B202_S2	AA	1	0	1	0	2	1	Pf+++	0/0	0/1	0.0104529616724739	0.138297872340426	koumouI	S2
24466X342	A189_S1	AA	1	0	1	0	2	1	Pf++	0/1	0/1	0.617886178861789	0.375	ekokoII	S1
24466X344	A191_S1	AA	1	0	1	0	1	0	Pf+++	0/0	0/0	0.000995685363425158	0.00361663652802893	ekokoII	S1
24466X345	A192_S1	AA	0	0	NA	NA	NA	NA	Pf+	NA	NA	NA	NA	ekokoII	S1
24466X346	A193_S1	AA	0	0	NA	NA	NA	NA	Pf++	NA	NA	NA	NA	ekokoII	S1
24466X347	A194_S1	AA	1	0	3	1	3	1	Pf+++	0/1	0/1	0.115732368896926	0.333333333333333	ekokoII	S1
24466X348	A195_S1	AS	1	0	2	1	1	0	0	1/1	1/1	0.978813559322034	1	ekokoII	S1
24466X349	A199_S1	AA	1	0	1	0	1	0	Pf+++	1/1	1/1	0.960722594772136	0.953249714937286	ekokoII	S1
24466X35	B203_S2	AS	1	1	4	1	4	1	Pf+	0/1	0/1	0.871967654986523	0.789808917197452	koumouI	S2
24466X350	A202_S1	AA	0	0	NA	NA	NA	NA	Pf+	NA	NA	NA	NA	ekokoII	S1
24466X352	A208_S1	AA	1	0	3	1	2	1	Pf+++	0/1	0/1	0.0976138828633406	0.348214285714286	ekokoII	S1
24466X353	A266_S1	AA	1	0	1	0	1	0	Pf++	0/1	0/1	0.145038167938931	0.1875	ekokoII	S1
24466X354	A267_S1	AA	1	0	3	1	3	1	Pf+++	0/1	0/1	0.308127208480565	0.0909090909090909	ekokoII	S1
24466X355	A271_S1	AS	1	1	2	1	2	1	Pf++	0/1	1/1	0.480015372790161	1	ekokoII	S1
24466X356	A272_S1	AA	1	0	4	1	5	1	Pf++	0/1	0/0	0.121103117505995	0	ekokoII	S1
24466X357	A273_S1	AA	0	0	NA	NA	NA	NA	Pf+	NA	NA	NA	NA	ekokoII	S1
24466X359	A276_S1	AS	1	0	2	1	2	1	Pf+++	0/1	0/1	0.354166666666667	0.936170212765957	ekokoII	S1
24466X36	B204_S2	AA	1	0	3	1	4	1	Pf+++	0/1	0/1	0.196933962264151	0.107648725212465	koumouI	S2
24466X360	A277_S1	AS	1	0	1	0	1	0	Pf+++	1/1	1/1	0.996681133520551	0.998637602179837	ekokoII	S1
24466X361	A278_S1	AA	0	0	NA	NA	NA	NA	Pf++	NA	NA	NA	NA	ekokoII	S1
24466X362	A283_S1	AA	0	0	NA	NA	NA	NA	0	NA	NA	NA	NA	ekokoII	S1
24466X363	A284_S1	AA	1	0	2	1	2	1	Pf+++	0/0	0/0	0.0108225108225108	0	ekokoII	S1
24466X364	A285_S1	AA	0	0	NA	NA	NA	NA	Pf++	NA	NA	NA	NA	ekokoII	S1
24466X365	A286_S1	AA	1	1	3	1	1	0	Pf++++	0/1	0/1	0.14375	0.217342342342342	ekokoII	S1
24466X366	A287_S1	AA	1	1	3	1	3	1	Pf+++	0/0	0/0	0.00239808153477218	0.0408163265306122	ekokoII	S1
24466X367	A288_S1	AS	1	0	3	1	3	1	Pf++	1/1	1/1	0.982276486805829	0.99685534591195	ekokoII	S1
24466X368	A290_S1	AS	1	0	3	1	3	1	Pf+++	0/1	1/1	0.344605475040258	0.995024875621891	ekokoII	S1
24466X369	A292_S1	AS	0	0	NA	NA	NA	NA	0	NA	NA	NA	NA	ekokoII	S1
24466X37	B205_S2	AA	1	0	1	0	4	1	Pf+	0/0	0/1	0.0650406504065041	0.087378640776699	koumouI	S2
24466X370	A293_S1	AS	1	0	4	1	3	1	Pf+++	0/1	0/1	0.796536796536797	0.893700787401575	ekokoII	S1
24466X371	A295_S1	AS	0	0	NA	NA	NA	NA	Pf+	NA	NA	NA	NA	ekokoII	S1
24466X372	A301_S1	AA	1	0	1	0	1	0	Pf+++	0/0	0/0	0.00179856115107914	0.0378787878787879	metet	S1
24466X373	A303_S1	AA	0	0	NA	NA	NA	NA	0	NA	NA	NA	NA	metet	S1
24466X375	A306_S1	AA	1	1	3	1	3	1	Pf+++	0/0	0/1	0.0082815734989648	0.376237623762376	metet	S1
24466X376	A307_S1	AA	1	0	2	1	4	1	Pf++	0/0	0/1	0.122958966349567	0.156363636363636	metet	S1
24466X377	A308_S1	AA	1	0	NA	NA	1	0	0	0/1	0/0	0.0673076923076923	0.0714285714285714	metet	S1
24466X378	A309_S1	AA	1	0	1	0	1	0	Pf++	0/0	0/0	0.000860585197934596	0	metet	S1
24466X379	A322_S1	AA	1	0	2	1	4	1	Pf+	0/0	0/1	0.0500257864878803	0.153601694915254	metet	S1
24466X38	B206_S2	AA	1	0	3	1	4	1	Pf++	0/0	0/1	0.00136892539356605	0.152832674571805	koumouI	S2
24466X381	A324_S1	AA	1	1	2	1	2	1	Pf++++	0/0	0/0	0.000173852573018081	0	metet	S1
24466X382	A325_S1	AS	0	0	NA	NA	NA	NA	Pf+++	NA	NA	NA	NA	metet	S1
24466X383	A327_S1	AA	1	0	4	1	4	1	Pf+++	0/1	0/1	0.119266055045872	0.462555066079295	metet	S1
24466X384	A329_S1	AS	1	0	3	1	3	1	Pf+++	0/1	1/1	0.706766917293233	1	metet	S1
24466X39	B207_S2	AA	1	0	2	1	2	1	Pf+++	0/1	0/1	0.641509433962264	0.339622641509434	koumouI	S2
24466X4	B170_S2	AS	1	0	3	1	5	1	Pf++	1/1	1/1	0.939958592132505	1	koumouI	S2
24466X40	B208_S2	AS	0	0	NA	NA	NA	NA	Pf+++	NA	NA	NA	NA	koumouI	S2
24466X41	B209_S2	AA	1	1	1	0	1	0	Pf++	0/0	0/0	0.0112994350282486	0	koumouI	S2
24466X42	B210_S2	AA	1	0	NA	NA	1	0	Pf++	0/1	0/1	0.120689655172414	0.238095238095238	koumouI	S2
24466X43	B211_S2	AA	1	0	2	1	2	1	Pf+++	0/1	0/1	0.188833969894406	0.204666990763247	koumouI	S2
24466X44	B212_S2	AS	1	0	2	1	2	1	Pf+++	1/1	1/1	0.989491282541199	1	koumouI	S2
24466X45	C1_S2	AA	1	0	1	0	2	1	Pf++	0/1	1/1	0.193333333333333	0.964285714285714	nkassomo	S2
24466X46	C3_S2	AA	1	1	2	1	2	1	Pf++	0/0	0/0	0.0392156862745098	0.0674157303370786	nkassomo	S2
24466X47	C4_S2	AA	1	0	1	0	1	0	Pf++	0/1	0/1	0.475177304964539	0.875	nkassomo	S2
24466X49	C28_S2	AS	1	0	5	1	3	1	Pf+++	1/1	1/1	0.985084745762712	0.995145631067961	mekomba	S2
24466X5	B148_S2	AA	1	0	2	1	2	1	Pf++	0/0	0/0	0.0165942522116945	0.000547195622435021	koumouI	S2
24466X50	C29_S2	AA	0	0	NA	NA	NA	NA	Pf+	NA	NA	NA	NA	mekomba	S2
24466X51	C30_S2	AA	1	0	1	0	2	1	Pf+++	0/0	0/0	0.0569105691056911	0.0833333333333333	mekomba	S2
24466X52	C31_S2	AA	1	0	2	1	2	1	Pf+	0/0	0/0	0.0730593607305936	0.00497512437810945	mekomba	S2
24466X53	C32_S2	AA	0	0	NA	NA	NA	NA	Pf++	NA	NA	NA	NA	mekomba	S2
24466X54	C33_S2	AA	1	0	2	1	2	1	0	0/0	0/0	0.0233356211393274	0.0298165137614679	mekomba	S2
24466X55	C35_S2	AA	1	0	4	1	3	1	Pf+++	0/0	0/0	0.0782003213711837	0.00442477876106195	mekomba	S2
24466X56	C36_S2	AA	1	0	1	0	4	1	Pf+++	0/0	0/0	0.00154718927282104	0.0802325581395349	mekomba	S2
24466X57	C37_S2	AS	1	0	2	1	2	1	Pf+++	1/1	1/1	0.97619540467812	0.997884344146685	mekomba	S2
24466X58	C39_S2	AA	0	0	NA	NA	NA	NA	Pf+	NA	NA	NA	NA	mekomba	S2
24466X59	C40_S2	AA	1	0	2	1	2	1	Pf+	0/0	0/0	0.00943396226415094	0.0087719298245614	mekomba	S2
24466X6	B172_S2	AA	1	0	2	1	2	1	Pf+++	0/0	0/0	0.00182161212673216	0	koumouI	S2
24466X61	C42_S2	AS	1	0	1	0	1	0	Pf++	0/1	1/1	0.0720461095100865	0.944444444444444	mekomba	S2
24466X62	C43_S2	AA	1	1	3	1	4	1	Pf+++	0/1	0/1	0.398737808376363	0.308724832214765	mekomba	S2
24466X63	C44_S2	AA	1	0	3	1	1	0	Pf++	0/0	0/0	0.00650759219088937	0.0633608815426997	mekomba	S2
24466X64	C45_S2	AA	0	0	NA	NA	NA	NA	0	NA	NA	NA	NA	mekomba	S2
24466X65	C46_S2	AA	1	0	1	0	1	0	0	0/0	0/0	0.0142857142857143	0	mekomba	S2
24466X66	C47_S2	AA	0	0	NA	NA	NA	NA	0	NA	NA	NA	NA	mekomba	S2
24466X67	C48_S2	AA	0	0	NA	NA	NA	NA	Pf+	NA	NA	NA	NA	mekomba	S2
24466X68	C49_S2	AA	1	0	2	1	2	1	Pf+++	0/0	0/0	0.00690846286701209	0.00803212851405622	mekomba	S2
24466X69	C50_S2	AA	1	0	NA	NA	NA	NA	Pf+	0/1	0/0	0.12280701754386	0	mekomba	S2
24466X7	B173_S2	AA	1	0	1	0	1	0	Pf++	0/1	0/0	0.0993788819875776	0	koumouI	S2
24466X70	C51_S2	AA	1	0	2	1	1	0	Pf++	0/0	0/0	0.0102446163495714	0.00210304942166141	mekomba	S2
24466X71	C52_S2	AA	1	1	1	0	NA	NA	Pf+++	0/0	0/1	0.0378787878787879	0.25	mekomba	S2
24466X72	C53_S2	AA	1	0	3	1	3	1	Pf+	0/0	0/0	0.0366520787746171	0.0467289719626168	mekomba	S2
24466X73	C61_S2	AA	0	0	NA	NA	NA	NA	Pf+	NA	NA	NA	NA	ekokoII	S2
24466X74	C62_S2	AA	1	0	1	0	1	0	Pf+	0/1	0/1	0.0826446280991736	0.361702127659574	ekokoII	S2
24466X75	C63_S2	AS	1	0	4	1	3	1	Pf+++	1/1	1/1	0.995519713261649	0.995633187772926	ekokoII	S2
24466X76	C64_S2	AS	0	0	NA	NA	NA	NA	Pf+++	NA	NA	NA	NA	ekokoII	S2
24466X77	C65_S2	AA	1	0	3	1	2	1	Pf++	0/0	0/0	0.00525210084033613	0.0251256281407035	ekokoII	S2
24466X78	C66_S2	AA	1	0	1	0	1	0	Pf++	0/1	0/0	0.16551724137931	0.0555555555555556	ekokoII	S2
24466X79	C67_S2	AA	0	0	NA	NA	NA	NA	Pf+++	NA	NA	NA	NA	ekokoII	S2
24466X8	B175_S2	AA	1	0	4	1	4	1	Pf+++	0/0	0/0	0.0721153846153846	0	koumouI	S2
24466X80	C68_S2	AA	1	0	2	1	2	1	Pf+	0/0	0/1	0.0112994350282486	0.0833333333333333	ekokoII	S2
24466X81	B76_S2	AA	1	0	1	0	NA	NA	Pf++	0/1	0/1	0.149253731343284	0.388888888888889	ekokoII	S2
24466X82	C70_S2	AA	1	0	1	0	1	0	Pf+++	0/0	0/0	0.00742144323385441	0	ekokoII	S2
24466X83	C71_S2	AS	1	0	2	1	2	1	Pf+++	1/1	1/1	0.99908622152601	0.999502487562189	ekokoII	S2
24466X84	C72_S2	AA	1	0	1	0	NA	NA	Pf+	0/1	0/1	0.512605042016807	0.411764705882353	ekokoII	S2
24466X85	C73_S2	AA	1	0	3	1	2	1	Pf+	0/0	0/1	0.0169109357384442	0.123076923076923	ekokoII	S2
24466X86	C74_S2	AA	1	0	3	1	3	1	Pf+++	0/1	0/1	0.136227888812313	0.187279151943463	ekokoII	S2
24466X87	C75_S2	AA	1	0	2	1	2	1	Pf+++	0/0	0/1	0.0182481751824818	0.123076923076923	ekokoII	S2
24466X88	C76_S2	AA	1	0	1	0	NA	NA	Pf++	0/0	./.	0.0326530612244898	0	ekokoII	S2
24466X89	C78_S2	AA	1	0	3	1	3	1	Pf++	0/1	0/1	0.192377495462795	0.226666666666667	ekokoII	S2
24466X9	B174_S2	AS	1	0	NA	NA	2	1	Pf++	0/1	./.	0.879194630872483	1	koumouI	S2
24466X90	C79_S2	AA	1	0	1	0	1	0	Pf+++	0/0	0/0	0.0117416829745597	0.0588235294117647	ekokoII	S2
24466X91	C80_S2	AA	1	0	1	0	2	1	Pf+	0/0	1/1	0.043756145526057	0.962536023054755	ekokoII	S2
24466X92	C81_S2	AA	1	0	2	1	2	1	Pf++	0/0	0/1	0.0576441102756892	0.0731707317073171	ekokoII	S2
24466X93	C82_S2	AA	0	0	NA	NA	NA	NA	0	NA	NA	NA	NA	ekokoII	S2
24466X94	C83_S2	AA	1	0	3	1	2	1	Pf+++	0/1	0/0	0.332432432432432	0	ekokoII	S2
24466X95	C84_S2	AA	0	0	NA	NA	NA	NA	Pf+++	NA	NA	NA	NA	ekokoII	S2
24466X96	C85_S2	AA	1	0	2	1	2	1	Pf++	0/0	0/0	0.000417710944026733	0	ekokoII	S2
24466X98	B289_S3	AA	1	1	1	0	1	0	0	0/0	0/0	0.00415368639667705	0.00390625	metet	S3
24466X99	B290_S3	AA	1	0	3	1	2	1	Pf+	0/0	0/1	0.0198822614683994	0.14760147601476	metet	S3
24494X10	E62_S1	AA	1	0	4	1	4	1	Pf+++	0/1	0/1	0.157016683022571	0.141025641025641	mfida	S1
24494X100	B468_S1	AS	1	0	2	1	2	1	Pf+++	1/1	1/1	0.95959595959596	0.96652719665272	ndangueng	S1
24494X101	B148_S1	AA	1	0	1	0	2	1	Pf+	0/1	0/1	0.620879120879121	0.688524590163934	ekokoII	S1
24494X102	B120_S1	AS	1	0	2	1	3	1	Pf+++	1/1	1/1	0.950098489822718	0.954929577464789	mekomba	S1
24494X103	C23_S1	AA	1	1	3	1	3	1	Pf+++	0/1	0/0	0.149817518248175	0.0255591054313099	nkassomo	S1
24494X104	B86_S1	AS	1	0	6	1	NA	NA	Pf+++	0/1	0/1	0.400216919739696	0.578512396694215	mekomba	S1
24494X105	B196_S1	AA	1	1	3	1	4	1	Pf++	0/0	0/1	0.0763793441979187	0.107960741548528	ekokoII	S1
24494X106	B184_S1	AA	0	0	NA	NA	NA	NA	0	NA	NA	NA	NA	ekokoII	S1
24494X107	B87_S1	AA	1	0	4	1	4	1	Pf+++	0/0	0/0	0.0663275686673449	0.0586642599277978	mekomba	S1
24494X108	B210_S1	AS	1	0	NA	NA	NA	NA	Pf++	0/1	0/1	0.613636363636364	0.272727272727273	ekokoII	S1
24494X109	B121_S1	AA	1	0	2	1	2	1	Pf+	0/1	0/1	0.144444444444444	0.174825174825175	mekomba	S1
24494X11	D183_S1	AS	1	0	3	1	5	1	Pf++	1/1	0/1	0.981507823613087	0.888594164456233	ekaliII	S1
24494X110	B108_S1	AA	0	0	NA	NA	NA	NA	0	NA	NA	NA	NA	mekomba	S1
24494X111	C121_S1	AA	1	0	4	1	3	1	0	0/1	0/1	0.266473569876901	0.401459854014599	ekokoII	S1
24494X112	B185_S1	AA	1	0	4	1	3	1	0	0/1	0/1	0.227454110135674	0.330708661417323	ekokoII	S1
24494X113	C51_S1	AA	1	0	1	0	1	0	0	0/1	0/0	0.887560310467799	0.00730593607305936	mekomba	S1
24494X114	B198_S1	AA	1	1	2	1	2	1	Pf++	0/1	0/1	0.298909090909091	0.362657091561939	ekokoII	S1
24494X115	B151_S1	AA	0	0	NA	NA	NA	NA	Pf+	NA	NA	NA	NA	ekokoII	S1
24494X116	B110_S1	AA	1	0	1	0	1	0	Pf++	0/0	0/0	0	0	mekomba	S1
24494X117	B111_S1	AA	1	0	2	1	3	1	Pf++	0/0	0/0	0.0106265220278946	0.013681592039801	mekomba	S1
24494X118	B97_S1	AA	0	0	NA	NA	NA	NA	0	NA	NA	NA	NA	mekomba	S1
24494X119	B88_S1	AA	1	0	1	0	1	0	Pf++	0/1	0/0	0.0975797157126393	0.0241448692152917	mekomba	S1
24494X12	D152_S1	AA	1	0	2	1	1	0	Pf++++	0/0	0/1	0.00793961968241521	0.850432632880099	nsimalen	S1
24494X120	C50_S1	AA	1	0	3	1	4	1	Pf++	0/1	0/0	0.230333543108873	0.0404984423676012	mekomba	S1
24494X121	B318_S1	AA	1	1	1	0	2	1	Pf+++	0/0	0/0	0.0676691729323308	0	koumouI	S1
24494X122	B467_S1	AA	1	0	NA	NA	NA	NA	0	0/1	0/0	0.525423728813559	0.0277777777777778	ndangueng	S1
24494X123	B324_S1	AA	1	0	2	1	4	1	Pf+	0/0	0/1	0.00441973196464214	0.419610670511896	koumouI	S1
24494X124	B466_S1	AA	1	0	3	1	4	1	0	0/0	0/0	0.0202297702297702	0.0621531631520533	ndangueng	S1
24494X125	B330_S1	AA	1	0	NA	NA	NA	NA	Pf++	0/1	0/1	0.223880597014925	0.204545454545455	koumouI	S1
24494X126	C21_S1	AA	1	0	3	1	1	0	Pf+++	0/0	0/1	0.0169491525423729	0.10580204778157	nkassomo	S1
24494X127	C64_S1	AS	1	0	1	0	NA	NA	Pf+	0/1	0/1	0.733067729083665	0.207920792079208	mekomba	S1
24494X129	B334_S1	AA	1	0	NA	NA	NA	NA	Pf+	0/0	0/1	0.0101522842639594	0.0740740740740741	koumouI	S1
24494X13	D207_S1	AA	1	0	3	1	3	1	Pf++	0/0	0/1	0.00197405527354766	0.344862665310275	ekaliII	S1
24494X130	B322_S1	AA	1	0	4	1	3	1	Pf+++	0/0	0/0	0.0458015267175573	0.0427807486631016	koumouI	S1
24494X131	B286_S1	AA	0	0	NA	NA	NA	NA	0	NA	NA	NA	NA	koumouI	S1
24494X132	B310_S1	AA	1	0	2	1	2	1	Pf++	0/0	0/0	0.00821554770318021	0.00850661625708885	koumouI	S1
24494X133	B220_S1	AA	1	0	NA	NA	NA	NA	0	0/1	0/1	0.24	0.48	ekokoII	S1
24494X134	C33_S1	AA	1	0	2	1	2	1	Pf++	0/1	0/1	0.114372469635628	0.110169491525424	nkassomo	S1
24494X135	C52_S1	AS	1	1	2	1	3	1	Pf+	0/1	0/1	0.739031339031339	0.800711743772242	mekomba	S1
24494X136	C124_S1	AA	1	0	2	1	2	1	Pf+++	0/0	0/0	0.0100078633211809	0.0191489361702128	ekokoII	S1
24494X137	B245_S1	AA	1	0	2	1	2	1	Pf++	0/0	0/0	0.0408753096614368	0.00258064516129032	metet	S1
24494X138	B229_S1	AA	1	1	1	0	2	1	Pf+	0/1	0/1	0.768831168831169	0.676190476190476	ekokoII	S1
24494X139	C122_S1	AA	1	0	5	1	3	1	Pf+++	0/0	0/1	0.0633213859020311	0.1850699844479	ekokoII	S1
24494X14	D196_S1	AA	1	0	2	1	2	1	Pf++	0/0	0/0	0.0350809560524287	0.0765815760266371	ekaliII	S1
24494X140	B336_S1	AA	1	0	2	1	2	1	Pf+	0/0	0/0	0.0644007155635063	0.0625	koumouI	S1
24494X141	C106_S1	AA	1	0	NA	NA	NA	NA	0	0/1	0/1	0.248826291079812	0.666666666666667	ekokoII	S1
24494X142	B287_S1	AA	1	0	2	1	2	1	Pf+	0/0	0/0	0.0100070224719101	0.0170940170940171	koumouI	S1
24494X143	C35_S1	AA	1	0	2	1	3	1	Pf++	0/1	0/1	0.220848056537102	0.0893470790378007	nkassomo	S1
24494X144	B311_S1	AA	1	0	4	1	3	1	0	0/1	0/1	0.24269889224572	0.337962962962963	koumouI	S1
24494X145	B221_S1	AA	1	1	1	0	1	0	Pf++	1/1	1/1	0.967428293631502	0.974358974358974	ekokoII	S1
24494X146	B222_S1	AA	1	0	4	1	4	1	Pf+++	0/1	0/1	0.222698072805139	0.107871720116618	ekokoII	S1
24494X147	B465_S1	AA	1	1	4	1	4	1	Pf+	0/1	0/1	0.0984074162110768	0.316688567674113	ndangueng	S1
24494X148	B233_S1	AA	1	0	2	1	3	1	Pf++	0/0	0/0	0.0199556541019956	0.0335365853658537	ekokoII	S1
24494X149	B309_S1	AA	0	0	NA	NA	NA	NA	0	NA	NA	NA	NA	koumouI	S1
24494X15	D238_S1	AA	0	0	NA	NA	NA	NA	Pf++	NA	NA	NA	NA	ekaliII	S1
24494X150	B332_S1	AA	1	0	2	1	2	1	Pf+	0/0	0/0	0.0345158197507191	0	koumouI	S1
24494X151	B223_S1	AA	1	1	2	1	2	1	Pf+	0/1	0/0	0.107303877366997	0.0522648083623693	ekokoII	S1
24494X152	B321_S1	AA	1	0	2	1	2	1	Pf+++	0/0	0/0	0.0993989828941285	0.0635294117647059	koumouI	S1
24494X153	B305_S1	AA	1	0	3	1	5	1	Pf++	0/1	0/1	0.210867218423893	0.408077994428969	koumouI	S1
24494X154	C88_S1	AA	1	0	NA	NA	NA	NA	0	0/1	0/1	0.356589147286822	0.636363636363636	ekokoII	S1
24494X155	B89_S1	AA	1	0	NA	NA	1	0	Pf++	0/1	0/1	0.819047619047619	0.260869565217391	mekomba	S1
24494X156	B343_S1	AA	1	0	1	0	2	1	Pf+++	0/0	0/0	0.0657894736842105	0.0147058823529412	koumouI	S1
24494X157	B344_S1	AA	0	0	NA	NA	NA	NA	0	NA	NA	NA	NA	koumouI	S1
24494X158	B124_S1	AA	1	0	1	0	4	1	Pf++	0/1	0/1	0.0825688073394495	0.701149425287356	mekomba	S1
24494X159	B296_S1	AA	1	0	3	1	3	1	Pf+	0/1	0/0	0.130781499202552	0.0632911392405063	koumouI	S1
24494X16	D227_S1	AS	1	0	4	1	4	1	Pf+++	1/1	1/1	0.918085319447226	0.993618960802188	ekaliII	S1
24494X160	B152_S1	AA	1	0	3	1	3	1	Pf+++	0/1	0/1	0.260416666666667	0.158730158730159	ekokoII	S1
24494X161	B281_S1	AA	1	0	1	0	2	1	Pf+++	0/0	0/0	0.0161681487469685	0.0754189944134078	koumouI	S1
24494X162	B307_S1	AS	1	0	1	0	3	1	Pf+++	0/1	1/1	0.751040981810213	0.920814479638009	koumouI	S1
24494X163	C32_S1	AS	0	1	NA	NA	NA	NA	Pf+	NA	NA	NA	NA	nkassomo	S1
24494X164	B331_S1	AS	1	0	3	1	4	1	0	0/1	1/1	0.865384615384615	1	koumouI	S1
24494X165	B477_S1	AA	1	0	NA	NA	1	0	0	0/1	0/1	0.691860465116279	0.545454545454545	ndangueng	S1
24494X166	C98_S1	AA	1	0	3	1	3	1	Pf+++	0/0	0/0	0.0460766423357664	0.041123370110331	ekokoII	S1
24494X167	C116_S1	AA	1	0	2	1	1	0	0	0/1	0/1	0.483720930232558	0.40952380952381	ekokoII	S1
24494X168	B342_S1	AA	1	0	2	1	2	1	Pf++	0/1	0/1	0.112206216830933	0.111888111888112	koumouI	S1
24494X169	C105_S1	AA	0	0	NA	NA	NA	NA	0	NA	NA	NA	NA	ekokoII	S1
24494X17	D316_S1	AS	1	0	2	1	1	0	Pf+	1/1	1/1	0.990825688073395	1	mfida	S1
24494X170	B475_S1	AA	1	0	2	1	2	1	Pf+	0/1	0/1	0.772966410360178	0.715962441314554	ndangueng	S1
24494X171	C114_S1	AA	1	1	3	1	5	1	Pf+	0/1	0/1	0.134310134310134	0.13953488372093	ekokoII	S1
24494X172	B464_S1	AA	1	1	4	1	3	1	Pf++	0/0	0/1	0.0224032586558045	0.154716981132075	ndangueng	S1
24494X174	B230_S1	AA	1	0	1	0	NA	NA	Pf+	0/0	0/1	0.0120481927710843	0.470588235294118	ekokoII	S1
24494X175	B319_S1	AA	1	1	2	1	3	1	Pf++	0/1	0/1	0.282168766704849	0.168330955777461	koumouI	S1
24494X176	C31_S1	AA	1	0	2	1	3	1	Pf+++	0/1	0/1	0.242441860465116	0.286016949152542	nkassomo	S1
24494X177	C91_S1	AS	1	0	2	1	2	1	0	1/1	0/1	0.929339477726575	0.937984496124031	ekokoII	S1
24494X178	C103_S1	AA	1	0	NA	NA	NA	NA	Pf+	0/1	0/0	0.09	0	ekokoII	S1
24494X179	C115_S1	AS	1	0	1	0	1	0	Pf+	0/1	0/1	0.112299465240642	0.860696517412935	ekokoII	S1
24494X18	E6_S1	AA	0	0	NA	NA	NA	NA	0	NA	NA	NA	NA	ekaliII	S1
24494X180	C63_S1	AA	1	0	3	1	2	1	Pf++	0/0	0/1	0.0336673346693387	0.0779510022271715	mekomba	S1
24494X181	C48_S1	AA	1	0	3	1	3	1	Pf+++	0/0	0/0	0.0200573065902579	0.0025	mekomba	S1
24494X183	C30_S1	AA	1	1	2	1	2	1	Pf+++	0/1	0/1	0.672477850814518	0.617206982543641	nkassomo	S1
24494X184	C86_S1	AA	1	0	NA	NA	NA	NA	0	0/1	0/1	0.288590604026846	0.411764705882353	ekokoII	S1
24494X185	C65_S1	AA	1	1	2	1	4	1	Pf+	0/0	0/1	0.0934065934065934	0.150442477876106	mekomba	S1
24494X186	C22_S1	AA	1	0	3	1	4	1	Pf++	0/0	0/1	0.0536231884057971	0.111111111111111	nkassomo	S1
24494X187	C59_S1	AS	1	0	3	1	3	1	Pf+	0/1	0/1	0.594713656387665	0.841584158415842	mekomba	S1
24494X188	C99_S1	AA	1	0	1	0	NA	NA	Pf++	0/0	0/1	0.0630630630630631	0.147058823529412	ekokoII	S1
24494X189	C87_S1	AA	1	0	1	0	1	0	Pf+	0/0	0/0	0.0258064516129032	0.0487804878048781	ekokoII	S1
24494X19	D150_S1	AA	0	0	NA	NA	NA	NA	0	NA	NA	NA	NA	nsimalen	S1
24494X190	B473_S1	AA	1	0	2	1	1	0	Pf++++	0/0	0/0	0.00918979744936234	0.0346620450606586	ndangueng	S1
24494X191	C57_S1	AA	1	0	2	1	4	1	Pf++++	0/0	0/1	0.0448671182907764	0.127041019514138	mekomba	S1
24494X192	C113_S1	AA	1	0	5	1	5	1	Pf++	0/1	0/0	0.209139784946237	0.073482428115016	ekokoII	S1
24494X193	E121_S1	AA	1	0	2	1	3	1	Pf++	0/1	0/1	0.394822006472492	0.337313432835821	abembe	S1
24494X194	E122_S1	AA	0	0	NA	NA	NA	NA	Pf+	NA	NA	NA	NA	abembe	S1
24494X195	E123_S1	AA	0	0	NA	NA	NA	NA	Pf++	NA	NA	NA	NA	abembe	S1
24494X196	E124_S1	AA	1	1	NA	NA	NA	NA	Pf+++	0/1	0/1	0.62962962962963	0.128205128205128	abembe	S1
24494X197	E126_S1	AS	1	0	1	0	1	0	Pf+++	0/1	1/1	0.113478955780501	1	abembe	S1
24494X198	E127_S1	AS	1	0	1	0	1	0	Pf+	1/1	0/1	0.965686274509804	0.918604651162791	abembe	S1
24494X199	E128_S1	AA	1	0	NA	NA	NA	NA	Pf++	0/1	0/1	0.126315789473684	0.125	abembe	S1
24494X20	D274_S1	AA	1	0	3	1	3	1	Pf+++	0/0	0/0	0.00491249616211237	0.0139705882352941	ekaliII	S1
24494X200	E141_S1	AA	1	0	3	1	2	1	Pf++	0/1	0/1	0.0963949843260188	0.0931174089068826	abembe	S1
24494X201	E142_S1	AA	1	0	2	1	1	0	Pf+++	0/0	0/1	0.0592334494773519	0.058252427184466	abembe	S1
24494X202	E143_S1	AA	1	0	1	0	2	1	Pf++	0/1	0/1	0.215151515151515	0.0825688073394495	abembe	S1
24494X203	E144_S1	AA	1	0	NA	NA	NA	NA	Pf++	0/0	./.	0.0508474576271186	0	abembe	S1
24494X204	E145_S1	AS	1	0	3	1	3	1	Pf+++	1/1	1/1	0.978926937474005	0.978671041837572	abembe	S1
24494X205	E146_S1	AA	1	1	1	0	2	1	Pf+	0/0	0/1	0.00453172205438067	0.274725274725275	abembe	S1
24494X206	E161_S1	AA	1	0	NA	NA	1	0	Pf+++	0/0	0/0	0.0535714285714286	0	abembe	S1
24494X207	E162_S1	AA	1	0	3	1	3	1	Pf+++	0/1	0/1	0.195273954816931	0.185228604923798	abembe	S1
24494X208	E163_S1	AA	1	0	3	1	2	1	Pf+++	0/1	0/1	0.362699639361154	0.241741741741742	abembe	S1
24494X209	E164_S1	AA	1	1	3	1	2	1	Pf+++	0/0	0/1	0.0167300380228137	0.10655737704918	abembe	S1
24494X21	D193_S1	AA	1	0	2	1	2	1	Pf++	0/0	0/0	0.00867052023121387	0.0099009900990099	ekaliII	S1
24494X210	E165_S1	AS	1	0	3	1	3	1	Pf++	0/1	0/1	0.8912	0.885245901639344	abembe	S1
24494X211	E166_S1	AA	1	0	2	1	2	1	Pf+++	0/0	0/0	0.0611916264090177	0.0120481927710843	abembe	S1
24494X212	E167_S1	AA	1	0	2	1	2	1	Pf++	0/0	0/1	0.0511307767944936	0.898936170212766	abembe	S1
24494X213	E168_S1	AA	1	0	4	1	3	1	0	0/0	0/0	0.00145772594752187	0.00146627565982405	abembe	S1
24494X214	E169_S1	AA	1	0	5	1	5	1	Pf+	0/0	0/1	0.00264900662251656	0.118055555555556	abembe	S1
24494X215	E170_S1	AA	1	0	2	1	3	1	Pf+++	0/1	0/1	0.197144799456152	0.173611111111111	abembe	S1
24494X216	E171_S1	AS	1	0	1	0	2	1	Pf++	1/1	1/1	0.967688022284123	0.993920972644377	abembe	S1
24494X217	E172_S1	AS	1	0	2	1	5	1	Pf+++	0/1	1/1	0.898043005556898	0.995652173913044	abembe	S1
24494X218	B17_S2	AA	1	0	1	0	1	0	Pf+++	0/0	0/1	0.000977039570102589	0.876579925650558	nkassomo	S2
24494X219	E174_S1	AA	1	0	4	1	4	1	Pf++	0/1	0/1	0.107386716325264	0.160164271047228	abembe	S1
24494X220	E175_S1	AA	1	0	NA	NA	1	0	0	0/1	0/1	0.545454545454545	0.642857142857143	abembe	S1
24494X221	E176_S1	AA	1	0	3	1	3	1	0	0/0	0/1	0.0764940239043825	0.204861111111111	abembe	S1
24494X222	B61_S2	AS	1	0	2	1	2	1	Pf++	0/1	0/1	0.896341463414634	0.904458598726115	ekokoII	S2
24494X223	B15_S2	AA	1	0	2	1	1	0	Pf+++	0/1	0/1	0.156256358087487	0.856571714142929	nkassomo	S2
24494X224	B1_S2	AA	1	1	3	1	4	1	Pf++	0/0	0/0	0.0746543778801843	0.0606060606060606	nkassomo	S2
24494X225	B2_S2	AS	1	1	1	0	1	0	Pf+++	0/1	1/1	0.246638946638947	0.998781230956734	nkassomo	S2
24494X226	B3_S2	AA	1	0	1	0	1	0	Pf+	0/1	0/0	0.151079136690647	0.0285714285714286	nkassomo	S2
24494X227	B4_S2	AA	1	0	1	0	1	0	Pf++++	0/1	0/1	0.818101933216169	0.867326732673267	nkassomo	S2
24494X228	B5_S2	AA	1	0	2	1	1	0	Pf+++	0/0	0/0	0.00560103403705299	0.0211538461538462	nkassomo	S2
24494X229	B6_S2	AS	1	0	4	1	4	1	Pf++	1/1	0/1	0.948943137838642	0.875506658946149	nkassomo	S2
24494X23	D225_S1	AA	1	0	4	1	5	1	Pf++	0/0	0/1	0.00213219616204691	0.186079545454545	ekaliII	S1
24494X231	B8_S2	AA	1	0	3	1	3	1	Pf+++	0/1	0/1	0.195954487989886	0.246445497630332	nkassomo	S2
24494X232	B9_S2	AA	0	0	NA	NA	NA	NA	Pf++	NA	NA	NA	NA	nkassomo	S2
24494X233	B68_S2	AA	1	0	2	1	2	1	Pf+++	0/1	0/1	0.0645431684828164	0.0923276983094928	ekokoII	S2
24494X234	B11_S2	AS	0	0	NA	NA	NA	NA	Pf++	NA	NA	NA	NA	nkassomo	S2
24494X235	B12_S2	AA	0	0	NA	NA	NA	NA	Pf+	NA	NA	NA	NA	nkassomo	S2
24494X236	B13_S2	AA	1	1	3	1	2	1	Pf++	0/0	0/0	0.0494590417310665	0.0578947368421053	nkassomo	S2
24494X237	E173_S1	AA	1	0	2	1	2	1	Pf+++	0/1	0/1	0.425795053003534	0.884792626728111	abembe	S1
24494X238	B34_S2	AA	1	1	4	1	3	1	Pf++	0/0	0/0	0.0241423125794155	0.0045662100456621	mekomba	S2
24494X239	B28_S2	AS	1	0	4	1	3	1	Pf++	0/1	0/1	0.903878583473862	0.777777777777778	mekomba	S2
24494X24	D205_S1	AS	1	0	1	0	2	1	Pf+	0/1	1/1	0.417085427135678	1	ekaliII	S1
24494X240	A76_S1	AA	1	0	3	1	4	1	0	0/1	0/0	0.108409321175279	0.0831889081455806	nkassomo	S1
24494X241	B53_S2	AA	1	0	1	0	2	1	Pf+	0/0	0/1	0.0346695557963164	0.0925925925925926	mekomba	S2
24494X242	B55_S2	AA	1	0	2	1	3	1	Pf+++	0/1	0/1	0.160427807486631	0.583333333333333	mekomba	S2
24494X243	B56_S2	AA	1	0	3	1	3	1	Pf+++	0/0	0/1	0.0979967514889009	0.454545454545455	mekomba	S2
24494X244	B57_S2	AA	1	0	3	1	3	1	Pf++	0/0	0/0	0.0255907190992067	0.0263157894736842	mekomba	S2
24494X245	B58_S2	AA	1	0	2	1	2	1	Pf++	0/0	0/0	0.0265379975874548	0.0427350427350427	mekomba	S2
24494X247	B60_S2	AS	1	0	3	1	1	0	Pf+	0/1	0/1	0.457627118644068	0.692307692307692	ekokoII	S2
24494X248	B55_S3	AA	1	0	1	0	3	1	0	0/1	0/1	0.0666873449131514	0.129511677282378	ekokoII	S3
24494X249	A207_S1	AS	0	0	NA	NA	NA	NA	Pf+	NA	NA	NA	NA	ekokoII	S1
24494X25	D210_S1	AA	1	0	3	1	4	1	Pf+++	0/0	0/0	0.0557768924302789	0	ekaliII	S1
24494X250	B63_S2	AS	1	1	3	1	3	1	Pf++	1/1	1/1	0.979632389468455	0.993548387096774	ekokoII	S2
24494X251	B64_S2	AA	1	0	3	1	1	0	Pf+	0/1	0/1	0.266932270916335	0.0967741935483871	ekokoII	S2
24494X252	B65_S2	AA	1	0	2	1	2	1	Pf+++	0/0	0/0	0.0101471334348047	0.0274914089347079	ekokoII	S2
24494X253	B66_S2	AA	1	0	3	1	3	1	Pf+	0/0	0/0	0.0272988505747126	0	ekokoII	S2
24494X254	B67_S2	AA	1	0	1	0	1	0	Pf++	0/1	0/1	0.321100917431193	0.206896551724138	ekokoII	S2
24494X255	B16_S2	AA	1	0	4	1	3	1	Pf+	0/1	0/1	0.347319347319347	0.26603325415677	nkassomo	S2
24494X256	B69_S2	AA	0	0	NA	NA	NA	NA	Pf++	NA	NA	NA	NA	ekokoII	S2
24494X257	B42_S2	AS	1	0	1	0	1	0	Pf++	0/1	1/1	0.760330578512397	1	mekomba	S2
24494X259	B20_S2	AA	1	0	2	1	3	1	Pf++++	0/1	0/1	0.169976247030879	0.892307692307692	nkassomo	S2
24494X260	B21_S2	AS	1	0	3	1	3	1	0	0/1	1/1	0.705349561279366	0.998939554612937	nkassomo	S2
24494X261	B23_S2	AA	1	0	1	0	1	0	Pf++++	0/0	0/0	0.00150837146161195	0.00246837395865474	mekomba	S2
24494X262	B24_S2	AA	1	0	1	0	1	0	Pf+++	0/0	0/1	0.0383257690368129	0.219512195121951	mekomba	S2
24494X263	B25_S2	AS	1	1	1	0	1	0	Pf++	1/1	1/1	0.963846710050615	0.94488188976378	mekomba	S2
24494X264	B26_S2	AA	1	0	3	1	4	1	0	0/1	0/1	0.247282608695652	0.102803738317757	mekomba	S2
24494X265	B27_S2	AA	1	0	2	1	2	1	Pf++	0/0	0/0	0.0211137503299023	0.0163204747774481	mekomba	S2
24494X266	E177_S1	AA	1	1	4	1	4	1	Pf+++	0/0	0/1	0.003690036900369	0.0757575757575758	abembe	S1
24494X267	B29_S2	AA	1	0	2	1	2	1	Pf+++	0/0	0/1	0.0356427713255907	0.073394495412844	mekomba	S2
24494X268	B30_S2	AS	1	0	2	1	1	0	Pf++	0/1	0/1	0.903315667889659	0.904649793996468	mekomba	S2
24494X269	E178_S1	AA	1	0	1	0	1	0	Pf+++	0/0	0/0	0.049618320610687	0	abembe	S1
24494X27	E20_S1	AA	1	0	4	1	5	1	Pf+	0/1	0/1	0.231707317073171	0.149797570850202	ekaliII	S1
24494X270	B33_S2	AA	1	0	2	1	2	1	Pf++	0/0	0/0	0.0661577608142494	0	mekomba	S2
24494X271	B31_S2	AS	1	0	3	1	3	1	Pf+	1/1	1/1	0.961089494163424	0.983682983682984	mekomba	S2
24494X272	B35_S2	AA	1	0	2	1	3	1	Pf++	0/1	0/0	0.1	0	mekomba	S2
24494X273	B36_S2	AA	1	0	1	0	1	0	Pf+++	0/0	0/0	0.0611353711790393	0.037037037037037	mekomba	S2
24494X274	B37_S2	AA	1	0	1	0	1	0	Pf+++	0/0	0/0	0.0419454451878538	0.019047619047619	mekomba	S2
24494X275	B38_S2	AA	1	0	2	1	4	1	Pf+++	0/0	0/0	0.0134571870906276	0.0148553557466771	mekomba	S2
24494X276	B39_S2	AA	1	0	2	1	2	1	Pf++	0/0	0/1	0.0689655172413793	0.160714285714286	mekomba	S2
24494X277	B40_S2	AA	1	0	3	1	3	1	Pf+++	0/0	0/1	0.0195876288659794	0.0997375328083989	mekomba	S2
24494X278	B41_S2	AA	1	0	2	1	3	1	Pf++	0/1	0/1	0.0949640287769784	0.279279279279279	mekomba	S2
24494X279	B10_S2	AA	1	0	2	1	3	1	Pf+++	0/1	0/1	0.360655737704918	0.454545454545455	nkassomo	S2
24494X28	D230_S1	AA	1	0	3	1	2	1	Pf++	0/1	0/1	0.7081351094196	0.770194986072423	ekaliII	S1
24494X280	B43_S2	AA	1	0	4	1	2	1	Pf++	0/0	0/1	0.00431034482758621	0.103174603174603	mekomba	S2
24494X281	B44_S2	AA	1	0	NA	NA	NA	NA	Pf+	0/1	./.	0.240641711229947	0	mekomba	S2
24494X284	B48_S2	AA	1	0	NA	NA	NA	NA	Pf++	0/1	1/1	0.151162790697674	0.96551724137931	mekomba	S2
24494X286	B50_S2	AA	0	0	NA	NA	NA	NA	0	NA	NA	NA	NA	mekomba	S2
24494X287	B51_S2	AA	1	0	1	0	2	1	Pf++	0/1	0/1	0.85589519650655	0.333333333333333	mekomba	S2
24494X289	A299_S3	AA	1	0	5	1	4	1	0	0/0	0/0	0.0617059891107078	0.0566037735849057	nkassomo	S3
24494X29	D156_S1	AA	1	0	4	1	2	1	Pf+++	0/0	0/0	0.0166760352257823	0	nsimalen	S1
24494X290	A300_S3	AA	0	0	NA	NA	NA	NA	0	NA	NA	NA	NA	nkassomo	S3
24494X291	A302_S3	AA	1	0	2	1	2	1	Pf+++	0/0	0/1	0.00905184236993691	0.406461307287754	nkassomo	S3
24494X292	A303_S3	AS	0	0	NA	NA	NA	NA	Pf+	NA	NA	NA	NA	nkassomo	S3
24494X293	A304_S3	AA	1	0	NA	NA	NA	NA	0	0/1	./.	0.0833333333333333	0	nkassomo	S3
24494X294	A305_S3	AA	1	0	2	1	2	1	0	0/0	0/1	0.0194884287454324	0.723880597014925	nkassomo	S3
24494X295	A306_S3	AA	1	0	4	1	3	1	Pf+++	0/1	0/1	0.12150577711517	0.14819944598338	nkassomo	S3
24494X296	A307_S3	AA	1	0	7	1	4	1	Pf+	0/1	0/1	0.238421955403087	0.289855072463768	nkassomo	S3
24494X297	A308_S3	AS	1	0	1	0	1	0	0	0/0	1/1	0.000835701153267592	0.997169143665959	nkassomo	S3
24494X298	A309_S3	AA	0	0	NA	NA	NA	NA	0	NA	NA	NA	NA	nkassomo	S3
24494X299	A321_S3	AA	0	0	NA	NA	NA	NA	Pf+	NA	NA	NA	NA	metet	S3
24494X3	D151_S1	AA	0	0	NA	NA	NA	NA	0	NA	NA	NA	NA	nsimalen	S1
24494X30	D302_S1	AA	1	0	1	0	1	0	Pf+++	0/0	1/1	0.0218508997429306	0.994475138121547	mfida	S1
24494X300	A322_S3	AS	1	0	2	1	4	1	Pf+++	0/1	0/1	0.78489847715736	0.931818181818182	metet	S3
24494X301	A323_S3	AA	0	0	NA	NA	NA	NA	0	NA	NA	NA	NA	metet	S3
24494X303	A325_S3	AA	0	0	NA	NA	NA	NA	Pf+++	NA	NA	NA	NA	metet	S3
24494X305	A327_S3	AS	1	0	4	1	4	1	Pf+	1/1	1/1	0.93841642228739	0.982142857142857	metet	S3
24494X306	A328_S3	AA	1	0	2	1	3	1	Pf++	0/1	0/1	0.128948160032087	0.156078431372549	metet	S3
24494X307	A329_S3	AA	1	0	2	1	2	1	Pf+++	0/1	0/1	0.147482624173589	0.174285714285714	metet	S3
24494X308	A330_S3	AA	0	0	NA	NA	NA	NA	Pf+	NA	NA	NA	NA	metet	S3
24494X309	A331_S3	AA	1	0	3	1	4	1	Pf+	0/0	0/0	0.00264750378214826	0.0147783251231527	metet	S3
24494X31	D231_S1	AA	1	0	3	1	2	1	Pf+++	0/0	0/0	0.0203045685279188	0.00591715976331361	ekaliII	S1
24494X310	A249_S2	AS	1	0	3	1	3	1	Pf+++	1/1	1/1	0.945464663327768	0.995614035087719	koumouI	S2
24494X311	A333_S3	AA	1	0	1	0	2	1	Pf+	0/0	0/0	0.00361925443358668	0.00738916256157635	metet	S3
24494X313	A335_S3	AS	1	1	1	0	1	0	Pf++	0/0	1/1	0.010388138634432	0.999344692005242	metet	S3
24494X315	A337_S3	AA	1	0	4	1	4	1	Pf+++	0/0	0/0	0.0503332879880288	0.0852390852390852	metet	S3
24494X316	A338_S3	AA	1	0	1	0	2	1	Pf++	0/0	0/1	0.0906921241050119	0.0784313725490196	metet	S3
24494X317	A339_S3	AA	1	0	4	1	3	1	Pf++	0/0	0/1	0.0344086021505376	0.73134328358209	metet	S3
24494X318	A340_S3	AA	0	0	NA	NA	NA	NA	Pf+++	NA	NA	NA	NA	metet	S3
24494X319	A341_S3	AA	1	0	3	1	2	1	Pf+	0/0	0/1	0.0180512422360248	0.626666666666667	metet	S3
24494X32	D187_S1	AA	1	0	NA	NA	NA	NA	Pf+	0/1	./.	0.0894308943089431	0.444444444444444	ekaliII	S1
24494X320	A343_S3	AA	1	1	4	1	4	1	0	0/1	0/1	0.31664674237896	0.432038834951456	metet	S3
24494X321	B4_S3	AA	1	0	2	1	2	1	0	0/0	0/1	0.0474631751227496	0.110169491525424	ekokoII	S3
24494X322	B5_S3	AS	1	0	5	1	2	1	0	1/1	1/1	0.960644007155635	0.987179487179487	ekokoII	S3
24494X323	B6_S3	AA	1	0	1	0	2	1	0	0/0	0/0	0.00854700854700855	0.00586510263929619	ekokoII	S3
24494X324	B7_S3	AA	1	0	2	1	2	1	Pf++	0/0	0/0	0.0285908781484003	0.0262390670553936	ekokoII	S3
24494X325	B8_S3	AA	1	0	2	1	2	1	0	0/0	0/0	0.0333193921650634	0.0223404255319149	ekokoII	S3
24494X326	B9_S3	AS	0	0	NA	NA	NA	NA	0	NA	NA	NA	NA	ekokoII	S3
24494X327	B10_S3	AA	0	0	NA	NA	NA	NA	0	NA	NA	NA	NA	ekokoII	S3
24494X328	B11_S3	AA	1	0	1	0	1	0	0	0/0	./.	0	0.857142857142857	ekokoII	S3
24494X329	B12_S3	AS	0	0	NA	NA	NA	NA	0	NA	NA	NA	NA	ekokoII	S3
24494X33	D315_S1	AA	0	1	NA	NA	NA	NA	Pf+	NA	NA	NA	NA	mfida	S1
24494X330	B13_S3	AA	1	0	NA	NA	1	0	Pf+	0/1	0/0	0.630769230769231	0	ekokoII	S3
24494X331	B14_S3	AA	0	0	NA	NA	NA	NA	0	NA	NA	NA	NA	ekokoII	S3
24494X332	B15_S3	AA	1	0	6	1	4	1	Pf+++	0/1	0/1	0.117283950617284	0.124378109452736	ekokoII	S3
24494X333	B16_S3	AA	1	0	1	0	1	0	Pf+++	0/0	0/0	0.00185960018596002	0.0262390670553936	ekokoII	S3
24494X334	B17_S3	AS	1	0	NA	NA	1	0	Pf+	0/1	0/1	0.242811501597444	0.314285714285714	ekokoII	S3
24494X335	B18_S3	AA	1	0	3	1	2	1	Pf++	0/0	0/1	0.0316780821917808	0.175438596491228	ekokoII	S3
24494X336	B19_S3	AA	1	1	2	1	2	1	Pf+++	0/1	0/1	0.850832072617247	0.892670157068063	ekokoII	S3
24494X337	A344_S3	AS	1	0	2	1	2	1	Pf++	0/0	1/1	0.00448430493273543	0.983805668016194	metet	S3
24494X338	A345_S3	AA	1	0	2	1	3	1	0	0/0	0/0	0.0391440501043841	0.0778625954198473	metet	S3
24494X339	A346_S3	AA	1	0	2	1	3	1	Pf++++	0/0	0/0	0.00596082883905762	0.0891158858753082	metet	S3
24494X34	E5_S1	AA	1	1	3	1	3	1	Pf++++	0/1	0/0	0.143225806451613	0	ekaliII	S1
24494X340	A347_S3	AA	1	0	2	1	1	0	0	0/1	0/1	0.109243697478992	0.333333333333333	metet	S3
24494X341	A348_S3	AA	1	0	4	1	4	1	0	0/0	0/0	0.00625978090766823	0	metet	S3
24494X342	A349_S3	AA	1	0	4	1	3	1	0	0/0	0/1	0.0652360515021459	0.435897435897436	metet	S3
24494X343	A350_S3	AA	1	0	1	0	1	0	Pf+++	0/0	0/0	0.0647887323943662	0.0185185185185185	metet	S3
24494X344	A351_S3	AA	1	0	4	1	3	1	Pf++	0/0	0/0	0.0839160839160839	0.0456273764258555	metet	S3
24494X345	A352_S3	AA	1	0	4	1	3	1	Pf+++	0/0	0/0	0.0657418576598311	0.0188679245283019	metet	S3
24494X346	A353_S3	AA	1	0	2	1	2	1	Pf+++	0/0	0/0	0.0128032345013477	0	metet	S3
24494X347	A354_S3	AA	0	0	NA	NA	NA	NA	Pf++	NA	NA	NA	NA	metet	S3
24494X348	A355_S3	AA	1	0	4	1	2	1	Pf++	0/1	0/1	0.358885017421603	0.341463414634146	metet	S3
24494X35	D184_S1	AS	1	0	5	1	5	1	Pf+	0/1	1/1	0.911125319693095	0.963302752293578	ekaliII	S1
24494X350	B1_S3	AA	0	0	NA	NA	NA	NA	0	NA	NA	NA	NA	ekokoII	S3
24494X351	B2_S3	AA	0	0	NA	NA	NA	NA	0	NA	NA	NA	NA	ekokoII	S3
24494X352	B3_S3	AA	1	0	NA	NA	1	0	Pf++	0/1	0/1	0.916030534351145	0.846153846153846	ekokoII	S3
24494X353	B20_S3	AA	1	0	NA	NA	NA	NA	Pf++	0/1	./.	0.37037037037037	0.666666666666667	ekokoII	S3
24494X354	B21_S3	AA	1	0	3	1	5	1	Pf+++	0/0	0/1	0.078125	0.1875	ekokoII	S3
24494X355	B22_S3	AA	1	0	3	1	6	1	0	0/1	0/1	0.413109756097561	0.505882352941176	ekokoII	S3
24494X356	B23_S3	AA	1	0	NA	NA	2	1	Pf++	0/1	0/0	0.252551020408163	0.0447761194029851	ekokoII	S3
24494X357	B24_S3	AA	1	0	2	1	1	0	0	0/1	0/0	0.185314685314685	0.0504201680672269	ekokoII	S3
24494X358	B25_S3	AA	1	0	1	0	2	1	Pf++	1/1	0/1	0.914738124238733	0.923611111111111	ekokoII	S3
24494X36	D153_S1	AS	1	0	4	1	3	1	Pf+++	1/1	1/1	0.966558290757083	0.993576017130621	nsimalen	S1
24494X360	B27_S3	AA	1	0	1	0	1	0	Pf+	0/1	0/1	0.104066462614779	0.186440677966102	ekokoII	S3
24494X361	B28_S3	AS	0	0	NA	NA	NA	NA	0	NA	NA	NA	NA	ekokoII	S3
24494X362	B29_S3	AS	1	0	1	0	1	0	0	0/0	1/1	0.0354107648725212	0.944444444444444	ekokoII	S3
24494X363	B30_S3	AA	1	0	3	1	1	0	Pf++++	0/0	0/1	0.0128458498023715	0.705882352941177	ekokoII	S3
24494X364	B31_S3	AS	1	0	2	1	4	1	Pf++	0/1	1/1	0.707142857142857	0.962962962962963	ekokoII	S3
24494X365	B32_S3	AS	1	0	NA	NA	NA	NA	Pf+	0/1	0/1	0.292517006802721	0.166666666666667	ekokoII	S3
24494X366	B33_S3	AA	0	0	NA	NA	NA	NA	0	NA	NA	NA	NA	ekokoII	S3
24494X367	B34_S3	AA	1	1	2	1	2	1	0	0/1	1/1	0.516959984269	0.959737827715356	ekokoII	S3
24494X368	B35_S3	AA	0	0	NA	NA	NA	NA	Pf+	NA	NA	NA	NA	ekokoII	S3
24494X369	B36_S3	AA	1	0	2	1	4	1	Pf++	0/0	0/1	0.0128205128205128	0.484848484848485	ekokoII	S3
24494X37	D208_S1	AA	1	0	NA	NA	2	1	Pf+	0/0	0/0	0.0180878552971576	0.0537634408602151	ekaliII	S1
24494X370	B37_S3	AA	1	0	NA	NA	NA	NA	Pf++	0/1	0/1	0.446280991735537	0.157894736842105	ekokoII	S3
24494X371	B38_S3	AA	1	0	3	1	3	1	Pf++	0/0	0/1	0.004062288422478	0.538922155688623	ekokoII	S3
24494X372	B40_S3	AA	1	0	2	1	3	1	Pf+	0/1	0/1	0.148026315789474	0.5625	ekokoII	S3
24494X373	B41_S3	AA	0	0	NA	NA	NA	NA	0	NA	NA	NA	NA	ekokoII	S3
24494X374	B42_S3	AA	0	0	NA	NA	NA	NA	0	NA	NA	NA	NA	ekokoII	S3
24494X375	B43_S3	AS	0	0	NA	NA	NA	NA	0	NA	NA	NA	NA	ekokoII	S3
24494X376	B44_S3	AA	1	0	2	1	2	1	0	0/1	0/1	0.482100238663485	0.0725806451612903	ekokoII	S3
24494X377	B45_S3	AS	0	0	NA	NA	NA	NA	0	NA	NA	NA	NA	ekokoII	S3
24494X378	B46_S3	AA	0	0	NA	NA	NA	NA	0	NA	NA	NA	NA	ekokoII	S3
24494X379	B47_S3	AA	1	0	2	1	2	1	Pf++	0/1	0/1	0.692415169660679	0.685217391304348	ekokoII	S3
24494X38	D197_S1	AA	1	1	NA	NA	NA	NA	Pf+++	0/0	0/0	0	0	ekaliII	S1
24494X380	B48_S3	AS	1	0	2	1	1	0	0	0/1	0/1	0.384505021520803	0.277777777777778	ekokoII	S3
24494X381	B49_S3	AA	1	0	1	0	1	0	Pf++	0/0	0/0	0.0072463768115942	0	ekokoII	S3
24494X382	B50_S3	AA	1	1	NA	NA	NA	NA	Pf+	0/1	0/1	0.215568862275449	0.3	ekokoII	S3
24494X383	B51_S3	AA	1	0	2	1	2	1	Pf++	0/0	0/0	0.0235941801022414	0.0259433962264151	ekokoII	S3
24494X384	B52_S3	AA	0	0	NA	NA	NA	NA	0	NA	NA	NA	NA	ekokoII	S3
24494X39	E73_S1	AA	0	1	NA	NA	NA	NA	Pf+++	NA	NA	NA	NA	mfida	S1
24494X4	D275_S1	AA	1	0	3	1	2	1	Pf++	0/0	0/1	0.00229753015508329	0.17910447761194	ekaliII	S1
24494X40	D228_S1	AA	1	0	3	1	3	1	Pf++	0/1	0/1	0.178571428571429	0.557692307692308	ekaliII	S1
24494X41	E19_S1	AA	1	1	1	0	1	0	Pf+++	0/0	0/0	0.00855745721271394	0	ekaliII	S1
24494X42	E18_S1	AA	1	0	1	0	1	0	Pf+	0/0	0/1	0.00775193798449612	0.0769230769230769	ekaliII	S1
24494X43	D198_S1	AA	1	0	2	1	1	0	Pf++	0/0	0/1	0.0655737704918033	0.224489795918367	ekaliII	S1
24494X44	D154_S1	AA	1	1	4	1	4	1	Pf+++	0/1	0/1	0.229572713643178	0.305755395683453	nsimalen	S1
24494X45	D229_S1	AA	1	0	2	1	4	1	Pf++	0/0	0/1	0.00466019417475728	0.357541899441341	ekaliII	S1
24494X46	D209_S1	AS	1	0	1	0	1	0	Pf+++	1/1	1/1	0.969373709566414	0.989847715736041	ekaliII	S1
24494X47	D186_S1	AS	1	0	1	0	NA	NA	Pf++	0/1	./.	0.704225352112676	1	ekaliII	S1
24494X48	D155_S1	AS	1	0	2	1	2	1	Pf++	0/1	1/1	0.882164678498691	0.996376811594203	nsimalen	S1
24494X49	E3_S1	AA	1	0	1	0	1	0	Pf++	0/0	0/1	0.0275862068965517	0.25	ekaliII	S1
24494X5	D206_S1	AA	1	1	2	1	2	1	Pf+	0/1	0/1	0.101369863013699	0.168674698795181	ekaliII	S1
24494X50	D232_S1	AA	1	0	2	1	2	1	Pf+++	0/0	0/1	0.00325379609544469	0.0777777777777778	ekaliII	S1
24494X51	D158_S1	AA	1	0	3	1	3	1	Pf+	0/0	0/1	0.00782472613458529	0.517647058823529	nsimalen	S1
24494X52	D314_S1	AA	1	0	2	1	3	1	Pf+++	0/0	0/0	0.00632911392405063	0.0256410256410256	mfida	S1
24494X53	D201_S1	AS	1	1	NA	NA	1	0	Pf++	0/1	1/1	0.48	1	ekaliII	S1
24494X54	E42_S1	AA	1	0	1	0	NA	NA	0	0/1	0/1	0.10655737704918	0.7	ekaliII	S1
24494X55	E61_S1	AA	1	0	NA	NA	2	1	0	0/1	0/1	0.197604790419162	0.166666666666667	mfida	S1
24494X56	D221_S1	AA	1	0	3	1	3	1	Pf++	0/1	0/1	0.682195277600511	0.613186813186813	ekaliII	S1
24494X57	D301_S1	AA	1	0	1	0	2	1	Pf+++	0/1	0/1	0.188191881918819	0.125	mfida	S1
24494X58	D244_S1	AS	1	1	4	1	4	1	Pf++	1/1	1/1	0.906716417910448	0.996031746031746	ekaliII	S1
24494X59	D160_S1	AA	1	0	3	1	2	1	Pf++	0/0	0/1	0.0018058690744921	0.619631901840491	nsimalen	S1
24494X6	D182_S1	AA	1	0	3	1	3	1	Pf++	0/0	0/0	0.0174583840844499	0.00635593220338983	ekaliII	S1
24494X61	C487_S1	AA	0	0	NA	NA	NA	NA	0	NA	NA	NA	NA	ndangueng	S1
24494X62	D190_S1	AA	1	0	3	1	4	1	Pf++	0/0	0/0	0.0272596843615495	0.0380952380952381	ekaliII	S1
24494X64	D222_S1	AA	1	1	3	1	2	1	Pf++	0/0	0/0	0.0521197705330908	0.0502415458937198	ekaliII	S1
24494X65	D191_S1	AA	0	0	NA	NA	NA	NA	0	NA	NA	NA	NA	ekaliII	S1
24494X67	E86_S1	AA	1	0	2	1	2	1	0	0/1	0/1	0.322368421052632	0.285714285714286	mfida	S1
24494X68	D203_S1	AA	1	0	NA	NA	NA	NA	0	0/1	1/1	0.448275862068966	1	ekaliII	S1
24494X69	D188_S1	AA	1	0	NA	NA	1	0	0	0/1	0/1	0.660287081339713	0.4375	ekaliII	S1
24494X7	D237_S1	AA	1	0	2	1	2	1	Pf+++	0/1	0/0	0.0810810810810811	0.0571428571428571	ekaliII	S1
24494X71	D212_S1	AA	0	0	NA	NA	NA	NA	0	NA	NA	NA	NA	ekaliII	S1
24494X72	D200_S1	AA	1	0	1	0	2	1	0	0/1	0/1	0.0838709677419355	0.103448275862069	ekaliII	S1
24494X73	E2_S1	AA	0	0	NA	NA	NA	NA	Pf+	NA	NA	NA	NA	ekaliII	S1
24494X74	D313_S1	AA	1	0	NA	NA	2	1	Pf++	0/1	0/0	0.193548387096774	0	mfida	S1
24494X75	D223_S1	AA	1	0	2	1	2	1	Pf+++	0/0	0/0	0.0283870967741936	0.0210526315789474	ekaliII	S1
24494X76	E17_S1	AS	0	0	NA	NA	NA	NA	Pf+	NA	NA	NA	NA	ekaliII	S1
24494X77	C486_S1	AA	1	0	1	0	1	0	0	0/0	0/0	0.00210084033613445	0.004739336492891	ndangueng	S1
24494X78	D235_S1	AA	1	0	NA	NA	NA	NA	Pf+	0/1	./.	0.142857142857143	0	ekaliII	S1
24494X79	D287_S1	AA	1	0	NA	NA	NA	NA	Pf+++	0/0	0/0	0.0424242424242424	0	ekaliII	S1
24494X8	D226_S1	AA	1	0	1	0	2	1	0	0/0	0/0	0.00728744939271255	0.00503355704697987	ekaliII	S1
24494X80	D286_S1	AA	1	0	2	1	3	1	Pf+++	0/1	0/1	0.232531500572738	0.443213296398892	ekaliII	S1
24494X81	D323_S1	AS	0	0	NA	NA	NA	NA	0	NA	NA	NA	NA	mfida	S1
24494X82	D310_S1	AA	1	0	NA	NA	1	0	Pf+	0/1	0/1	0.127906976744186	0.181818181818182	mfida	S1
24494X83	E28_S1	AA	0	0	NA	NA	NA	NA	0	NA	NA	NA	NA	ekaliII	S1
24494X84	D22_S1	AA	0	0	NA	NA	NA	NA	Pf++	NA	NA	NA	NA	nsimalen	S1
24494X85	E71_S1	AA	1	0	2	1	2	1	Pf++	0/1	1/1	0.839097744360902	0.972972972972973	mfida	S1
24494X87	D288_S1	AA	1	1	2	1	2	1	Pf+++	0/0	0/0	0.00862068965517241	0.0392156862745098	ekaliII	S1
24494X88	E84_S1	AA	1	0	4	1	2	1	Pf+++	0/1	0/0	0.465321563682219	0	mfida	S1
24494X89	E1_S1	AA	0	0	NA	NA	NA	NA	0	NA	NA	NA	NA	ekaliII	S1
24494X9	E43_S1	AS	1	1	2	1	4	1	Pf+++	1/1	1/1	0.980891719745223	1	ekaliII	S1
24494X90	D312_S1	AA	0	0	NA	NA	NA	NA	Pf+	NA	NA	NA	NA	mfida	S1
24494X91	E41_S1	AA	1	0	4	1	5	1	Pf+++	0/0	0/0	0.0385542168674699	0	ekaliII	S1
24494X92	D34_S1	AA	1	0	1	0	1	0	Pf+++++	0/1	0/0	0.816525491449576	0.02710027100271	nsimalen	S1
24494X93	D10_S1	AA	1	0	1	0	1	0	Pf+++	0/0	0/0	0.000712631391412792	0	nsimalen	S1
24494X94	E55_S1	AA	1	0	1	0	1	0	Pf+	0/0	0/0	0.025	0	ekaliII	S1
24494X95	D32_S1	AS	1	0	2	1	1	0	Pf++	1/1	1/1	0.9904	1	nsimalen	S1
24494X96	E85_S1	AA	1	0	NA	NA	NA	NA	Pf++	0/1	0/1	0.301470588235294	0.621621621621622	mfida	S1
24538X1	A394_S1	AA	1	1	2	1	2	1	Pf+	0/1	0/1	0.456226880394575	0.11864406779661	koumouI	S1
24538X10	A410_S1	AA	1	1	NA	NA	1	0	Pf+++	0/1	0/0	0.0930232558139535	0.0540540540540541	koumouI	S1
24538X101	A88_S3	AS	1	0	1	0	1	0	Pf+	1/1	0/1	0.980582524271845	0.892857142857143	ekokoII	S3
24538X102	A89_S3	AA	0	0	NA	NA	NA	NA	Pf+	NA	NA	NA	NA	ekokoII	S3
24538X103	A90_S3	AA	0	0	NA	NA	NA	NA	Pf+	NA	NA	NA	NA	ekokoII	S3
24538X104	A91_S3	AS	1	0	NA	NA	NA	NA	0	0/0	./.	0.0646551724137931	0.222222222222222	ekokoII	S3
24538X106	A94_S3	AA	1	0	1	0	1	0	Pf+++	0/0	0/0	0.00263157894736842	0.0416666666666667	ekokoII	S3
24538X107	A95_S3	AS	0	0	NA	NA	NA	NA	Pf+	NA	NA	NA	NA	ekokoII	S3
24538X108	A96_S3	AA	0	0	NA	NA	NA	NA	0	NA	NA	NA	NA	ekokoII	S3
24538X109	A97_S3	AA	0	0	NA	NA	NA	NA	0	NA	NA	NA	NA	ekokoII	S3
24538X11	A411_S1	AA	1	0	1	0	1	0	Pf+++	0/0	0/0	0	0	koumouI	S1
24538X110	A98_S3	AA	1	0	1	0	1	0	Pf+	0/0	0/0	0.00190718372536554	0	ekokoII	S3
24538X111	A99_S3	AA	1	0	NA	NA	1	0	Pf+	0/0	0/0	0.0245901639344262	0.05	ekokoII	S3
24538X112	A100_S3	AA	1	0	NA	NA	NA	NA	0	0/1	0/0	0.160919540229885	0.0909090909090909	ekokoII	S3
24538X113	A68_S3	AA	1	0	NA	NA	NA	NA	0	0/0	0/1	0.0121951219512195	0.142857142857143	ekokoII	S3
24538X114	A69_S3	AA	0	0	NA	NA	NA	NA	0	NA	NA	NA	NA	ekokoII	S3
24538X115	A70_S3	AA	1	0	3	1	3	1	0	0/0	0/1	0.050314465408805	0.0714285714285714	ekokoII	S3
24538X116	A71_S3	AA	1	0	2	1	2	1	0	0/1	1/1	0.608844703462461	0.997347480106101	ekokoII	S3
24538X117	A72_S3	AA	0	0	NA	NA	NA	NA	0	NA	NA	NA	NA	ekokoII	S3
24538X118	A73_S3	AA	1	0	3	1	3	1	Pf++	0/0	0/1	0.0191494653071375	0.152112676056338	ekokoII	S3
24538X119	A74_S3	AA	1	0	NA	NA	1	0	Pf+	0/1	0/0	0.148148148148148	0.0476190476190476	ekokoII	S3
24538X12	A413_S1	AA	0	0	NA	NA	NA	NA	0	NA	NA	NA	NA	koumouI	S1
24538X120	A75_S3	AA	1	0	3	1	4	1	Pf++	0/1	0/1	0.202714932126697	0.259615384615385	ekokoII	S3
24538X121	A76_S3	AA	0	0	NA	NA	NA	NA	0	NA	NA	NA	NA	ekokoII	S3
24538X122	A77_S3	AA	1	0	1	0	1	0	0	0/0	0/1	0.0108695652173913	0.266666666666667	ekokoII	S3
24538X124	A79_S3	AA	0	0	NA	NA	NA	NA	0	NA	NA	NA	NA	ekokoII	S3
24538X125	A80_S3	AS	0	0	NA	NA	NA	NA	Pf+	NA	NA	NA	NA	ekokoII	S3
24538X126	A81_S3	AS	0	1	NA	NA	NA	NA	Pf+++	NA	NA	NA	NA	ekokoII	S3
24538X127	A82_S3	AS	1	0	1	0	NA	NA	0	0/0	0/1	0.0521327014218009	0.217391304347826	ekokoII	S3
24538X128	A83_S3	AA	0	0	NA	NA	NA	NA	0	NA	NA	NA	NA	ekokoII	S3
24538X129	A101_S3	AA	0	0	NA	NA	NA	NA	0	NA	NA	NA	NA	ekokoII	S3
24538X13	A414_S1	AA	1	0	3	1	4	1	Pf++	0/0	0/0	0.0037593984962406	0	koumouI	S1
24538X130	A102_S3	AA	1	0	NA	NA	NA	NA	0	0/1	./.	0.169811320754717	0	koumouI	S3
24538X131	A103_S3	AA	0	0	NA	NA	NA	NA	Pf+	NA	NA	NA	NA	koumouI	S3
24538X132	A104_S3	AA	1	0	3	1	1	0	0	0/0	0/0	0.00624349635796046	0.0348837209302326	koumouI	S3
24538X133	A105_S3	AS	1	1	3	1	2	1	0	1/1	1/1	0.966863517060367	0.990536277602524	koumouI	S3
24538X134	A106_S3	AA	1	0	3	1	2	1	Pf++	0/1	0/1	0.17721223441513	0.793152639087018	koumouI	S3
24538X135	A107_S3	AA	1	0	1	0	4	1	Pf+++	0/1	0/1	0.594035666117189	0.233791748526523	koumouI	S3
24538X136	A108_S3	AA	1	0	1	0	1	0	0	0/0	0/0	0.00525320445471738	0.0179445350734095	koumouI	S3
24538X137	A109_S3	AS	1	0	1	0	NA	NA	0	0/1	0/1	0.446808510638298	0.692307692307692	koumouI	S3
24538X138	A110_S3	AA	1	0	1	0	2	1	0	0/0	0/0	0	0	koumouI	S3
24538X139	A111_S3	AA	0	0	NA	NA	NA	NA	0	NA	NA	NA	NA	koumouI	S3
24538X14	A417_S1	AS	1	0	4	1	4	1	0	0/1	1/1	0.622924584916983	0.997107039537126	koumouI	S1
24538X140	A112_S3	AS	1	0	1	0	2	1	Pf+++	0/1	0/1	0.604651162790698	0.879310344827586	koumouI	S3
24538X141	A113_S3	AA	0	0	NA	NA	NA	NA	0	NA	NA	NA	NA	koumouI	S3
24538X142	A114_S3	AA	1	0	3	1	3	1	Pf++	0/0	0/1	0.014910412229044	0.494550408719346	koumouI	S3
24538X143	A115_S3	AA	1	0	4	1	4	1	Pf++	0/1	0/1	0.260632868322559	0.400966183574879	koumouI	S3
24538X144	A116_S3	AS	1	1	3	1	3	1	Pf+	1/1	1/1	0.93368700265252	0.955223880597015	koumouI	S3
24538X145	A135_S3	AA	1	1	3	1	3	1	Pf+++	0/0	0/1	0.0750260507120528	0.747276688453159	koumouI	S3
24538X146	A136_S3	AA	1	0	2	1	2	1	Pf+++	0/0	0/0	0.00537634408602151	0.025	koumouI	S3
24538X147	A137_S3	AS	0	0	NA	NA	NA	NA	0	NA	NA	NA	NA	koumouI	S3
24538X148	A138_S3	AS	0	0	NA	NA	NA	NA	Pf+	NA	NA	NA	NA	koumouI	S3
24538X149	A139_S3	AA	1	0	3	1	4	1	Pf+++	0/0	0/0	0.0303494788473329	0.0545454545454545	koumouI	S3
24538X15	A419_S1	AA	1	0	1	0	1	0	0	0/0	0/1	0.0811965811965812	0.702702702702703	koumouI	S1
24538X151	A141_S3	AA	1	0	1	0	5	1	0	0/1	0/1	0.301916932907348	0.611111111111111	koumouI	S3
24538X152	A142_S3	AA	1	0	3	1	4	1	Pf++	0/1	0/1	0.0961761297798378	0.127659574468085	koumouI	S3
24538X153	A143_S3	AA	1	0	4	1	2	1	Pf++	0/0	0/0	0.0168421052631579	0.0274914089347079	koumouI	S3
24538X154	A144_S3	AA	1	0	2	1	4	1	0	0/0	0/0	0.044478527607362	0.0256410256410256	koumouI	S3
24538X155	A145_S3	AS	1	0	3	1	2	1	Pf++	1/1	1/1	0.92959133431807	0.993421052631579	koumouI	S3
24538X158	A163_S3	AA	1	0	2	1	2	1	Pf++	0/1	0/1	0.47633283507723	0.226837060702875	nsimalen	S3
24538X16	A422_S1	AA	1	0	2	1	2	1	Pf+++	0/0	0/0	0.0221366698748797	0.0666666666666667	koumouI	S1
24538X160	A165_S3	AA	1	0	2	1	5	1	0	0/1	0/1	0.239340831807481	0.236842105263158	nsimalen	S3
24538X161	A117_S3	AA	1	0	3	1	4	1	Pf+++	0/0	0/0	0.0144508670520231	0	koumouI	S3
24538X162	A118_S3	AA	0	0	NA	NA	NA	NA	Pf+	NA	NA	NA	NA	koumouI	S3
24538X163	A119_S3	AA	1	1	4	1	3	1	Pf+++	0/1	0/1	0.320359281437126	0.311392405063291	koumouI	S3
24538X164	A120_S3	AA	1	0	1	0	1	0	Pf+++	0/0	0/0	0.0337335620354488	0.0534653465346535	koumouI	S3
24538X165	A121_S3	AS	1	0	3	1	3	1	Pf+++	1/1	1/1	0.992847854356307	0.982378854625551	koumouI	S3
24538X166	A122_S3	AS	1	1	4	1	3	1	Pf+	0/1	1/1	0.924907063197026	0.978260869565217	koumouI	S3
24538X167	A123_S3	AS	1	0	NA	NA	1	0	0	0/1	0/1	0.112612612612613	0.407407407407407	koumouI	S3
24538X168	A124_S3	AS	1	0	1	0	3	1	Pf++	0/1	0/1	0.479087452471483	0.65	koumouI	S3
24538X169	A126_S3	AS	0	0	NA	NA	NA	NA	0	NA	NA	NA	NA	koumouI	S3
24538X17	A423_S1	AA	1	0	3	1	2	1	Pf++	0/0	0/0	0.00600365439832942	0.00427350427350427	koumouI	S1
24538X170	A127_S3	AA	1	1	5	1	2	1	Pf++	0/0	0/1	0.0772455089820359	0.186813186813187	koumouI	S3
24538X171	A128_S3	AA	0	0	NA	NA	NA	NA	Pf++	NA	NA	NA	NA	koumouI	S3
24538X172	A130_S3	AA	0	0	NA	NA	NA	NA	0	NA	NA	NA	NA	koumouI	S3
24538X173	D109_S1	AA	1	1	2	1	2	1	Pf+++	0/0	0/0	0.00471342383107089	0.00127226463104326	nsimalen	S1
24538X174	A132_S3	AA	1	0	2	1	3	1	Pf++	0/0	0/1	0.0776470588235294	0.160714285714286	koumouI	S3
24538X175	A133_S3	AA	1	0	NA	NA	NA	NA	Pf+	0/1	0/1	0.286713286713287	0.380952380952381	koumouI	S3
24538X176	A134_S3	AA	1	1	3	1	3	1	Pf++	0/1	0/1	0.237366003062787	0.215730337078652	koumouI	S3
24538X177	A166_S3	AA	1	0	6	1	6	1	Pf+	0/1	0/1	0.24317617866005	0.134020618556701	nsimalen	S3
24538X178	A167_S3	AS	1	0	NA	NA	1	0	0	0/1	0/1	0.1875	0.214285714285714	nsimalen	S3
24538X179	A168_S3	AA	1	0	2	1	2	1	Pf++	0/1	0/1	0.316793893129771	0.162162162162162	nsimalen	S3
24538X18	A424_S1	AA	1	0	2	1	2	1	Pf+	0/1	0/1	0.188378033205619	0.153846153846154	koumouI	S1
24538X180	A169_S3	AA	1	0	3	1	2	1	Pf+++	0/1	0/1	0.3058568329718	0.391891891891892	nsimalen	S3
24538X181	A170_S3	AA	1	0	4	1	4	1	Pf+	0/1	0/1	0.175264139216905	0.165289256198347	nsimalen	S3
24538X182	A171_S3	AA	1	0	NA	NA	2	1	0	0/1	0/1	0.276762402088773	0.516129032258065	nsimalen	S3
24538X183	A172_S3	AA	1	0	4	1	4	1	Pf++	0/1	0/1	0.101878201479795	0.150537634408602	nsimalen	S3
24538X184	A173_S3	AA	1	0	2	1	3	1	Pf+	0/1	0/1	0.129460580912863	0.0909090909090909	nsimalen	S3
24538X185	A174_S3	AA	0	0	NA	NA	NA	NA	0	NA	NA	NA	NA	nsimalen	S3
24538X186	A175_S3	AS	1	0	NA	NA	1	0	Pf+++	0/1	0/0	0.159203980099502	0.0666666666666667	nsimalen	S3
24538X187	A176_S3	AA	1	0	2	1	2	1	0	0/0	0/0	0.0686406460296097	0.0172413793103448	nsimalen	S3
24538X188	A177_S3	AA	1	0	3	1	4	1	Pf++	0/0	0/1	0.0929853181076672	0.371794871794872	nsimalen	S3
24538X189	A253_S2	AA	1	0	3	1	4	1	Pf+	0/0	0/1	0.0259940145361265	0.371984435797665	koumouI	S2
24538X19	A428_S1	AA	1	0	3	1	4	1	0	0/1	0/1	0.418181818181818	0.440860215053763	koumouI	S1
24538X190	A179_S3	AA	0	0	NA	NA	NA	NA	0	NA	NA	NA	NA	nsimalen	S3
24538X191	A180_S3	AA	1	0	2	1	3	1	Pf++	0/0	0/1	0.0706106870229008	0.179487179487179	nsimalen	S3
24538X192	A181_S3	AA	0	0	NA	NA	NA	NA	Pf+	NA	NA	NA	NA	nsimalen	S3
24538X193	A10_S2	AA	1	0	3	1	3	1	0	0/1	0/1	0.461361897475134	0.481481481481481	nkassomo	S2
24538X194	A11_S2	AA	1	0	3	1	3	1	0	0/1	0/1	0.203149606299213	0.283687943262411	nkassomo	S2
24538X195	A13_S2	AA	0	0	NA	NA	NA	NA	Pf+++	NA	NA	NA	NA	nkassomo	S2
24538X196	A14_S2	AA	1	0	1	0	1	0	Pf++	0/1	0/1	0.869796708615682	0.897569444444444	nkassomo	S2
24538X197	A15_S2	AA	0	0	NA	NA	NA	NA	0	NA	NA	NA	NA	nkassomo	S2
24538X198	A16_S2	AA	1	0	2	1	2	1	Pf+++	1/1	1/1	0.989459947801646	0.999464954521134	nkassomo	S2
24538X199	A18_S2	AA	1	0	1	0	1	0	Pf++	0/0	0/1	0.0300429184549356	0.760869565217391	nkassomo	S2
24538X20	A429_S1	AA	1	0	4	1	4	1	Pf++	0/0	0/1	0.0691244239631336	0.096	koumouI	S1
24538X201	A20_S2	AA	1	0	2	1	3	1	Pf+++	0/1	0/1	0.391734052111411	0.267605633802817	nkassomo	S2
24538X202	A21_S2	AA	0	0	NA	NA	NA	NA	Pf++	NA	NA	NA	NA	nkassomo	S2
24538X203	A22_S2	AA	0	0	NA	NA	NA	NA	Pf+	NA	NA	NA	NA	nkassomo	S2
24538X204	A23_S2	AA	1	0	2	1	2	1	Pf+++	0/1	0/1	0.238023952095808	0.153846153846154	nkassomo	S2
24538X206	A25_S2	AA	1	0	6	1	3	1	Pf+++	0/1	0/1	0.720819112627986	0.718266253869969	nkassomo	S2
24538X207	A26_S2	AA	1	1	1	0	1	0	Pf+++	1/1	1/1	0.976635514018692	0.977777777777778	nkassomo	S2
24538X208	A27_S2	AA	1	0	2	1	2	1	Pf+++	0/0	0/1	0.0610687022900763	0.441176470588235	nkassomo	S2
24538X209	A28_S2	AA	1	1	NA	NA	4	1	Pf+++	0/1	0/1	0.327310344827586	0.420382165605096	nkassomo	S2
24538X21	A431_S1	AA	1	0	1	0	1	0	Pf++	0/0	1/1	0.00617283950617284	0.99009900990099	koumouI	S1
24538X210	A29_S2	AA	1	0	2	1	4	1	Pf+	0/0	0/0	0.0100250626566416	0.0606060606060606	nkassomo	S2
24538X211	A30_S2	AA	1	1	2	1	2	1	Pf+	0/0	0/1	0.0182926829268293	0.653465346534653	nkassomo	S2
24538X212	A31_S2	AA	0	0	NA	NA	NA	NA	Pf+++	NA	NA	NA	NA	nkassomo	S2
24538X213	A32_S2	AA	1	0	NA	NA	NA	NA	Pf+++	0/1	0/1	0.280898876404494	0.761904761904762	nkassomo	S2
24538X214	A33_S2	AA	1	0	4	1	4	1	Pf+++	0/0	0/1	0.0650887573964497	0.166924265842349	nkassomo	S2
24538X215	A34_S2	AA	1	0	3	1	3	1	Pf+++	0/1	0/1	0.192640692640693	0.2198233562316	nkassomo	S2
24538X216	A35_S2	AS	1	0	1	0	1	0	Pf+++	1/1	1/1	0.998200273558419	0.999506903353057	nkassomo	S2
24538X217	A36_S2	AA	0	0	NA	NA	NA	NA	Pf+	NA	NA	NA	NA	nkassomo	S2
24538X218	A37_S2	AA	1	0	1	0	1	0	Pf++	1/1	1/1	0.996182295394894	0.99859943977591	nkassomo	S2
24538X219	A38_S2	AA	1	1	2	1	2	1	Pf+++	0/1	0/0	0.600297176820208	0.0564971751412429	nkassomo	S2
24538X22	A443_S1	AA	1	0	1	0	1	0	Pf+++	0/0	0/0	0.0346666666666667	0	adoum	S1
24538X220	A41_S2	AA	1	1	1	0	2	1	Pf++++	0/0	0/0	0.00960960960960961	0.054380664652568	mekomba	S2
24538X221	A42_S2	AS	0	0	NA	NA	NA	NA	Pf+++	NA	NA	NA	NA	mekomba	S2
24538X222	A43_S2	AA	1	0	1	0	1	0	Pf+	0/0	0/1	0.0355029585798817	0.111111111111111	mekomba	S2
24538X223	A44_S2	AA	1	0	2	1	4	1	Pf++	0/0	0/1	0.0546687948922586	0.0815307820299501	mekomba	S2
24538X224	A45_S2	AA	1	0	2	1	2	1	Pf+++	0/1	1/1	0.284876905041032	0.944	mekomba	S2
24538X225	A46_S2	AA	0	0	NA	NA	NA	NA	Pf+	NA	NA	NA	NA	mekomba	S2
24538X226	A47_S2	AA	1	0	3	1	3	1	Pf++++	0/1	0/0	0.256646216768916	0.0279424216765453	mekomba	S2
24538X227	A48_S2	AA	1	0	2	1	3	1	Pf++	0/1	0/1	0.168048645660586	0.518038852913969	mekomba	S2
24538X228	A49_S2	AA	0	0	NA	NA	NA	NA	Pf+++	NA	NA	NA	NA	mekomba	S2
24538X229	A50_S2	AA	1	0	4	1	5	1	Pf+	0/0	0/1	0.0058446455505279	0.258003766478343	mekomba	S2
24538X23	A445_S1	AA	1	0	3	1	3	1	Pf++	0/1	0/1	0.819529760643931	0.678018575851393	adoum	S1
24538X230	A51_S2	AA	1	0	2	1	2	1	Pf+++	0/0	0/1	0.0150214592274678	0.405594405594406	mekomba	S2
24538X231	A52_S2	AA	0	0	NA	NA	NA	NA	Pf+	NA	NA	NA	NA	mekomba	S2
24538X232	A53_S2	AA	1	0	3	1	3	1	Pf++	0/0	0/0	0.0249307479224377	0.0219907407407407	mekomba	S2
24538X233	C148_S2	AA	1	0	2	1	3	1	Pf+++	0/0	0/1	0.00183823529411765	0.288888888888889	koumouI	S2
24538X235	A56_S2	AA	1	0	1	0	1	0	Pf++	0/0	0/0	0	0.0136054421768707	mekomba	S2
24538X236	A57_S2	AA	1	0	2	1	2	1	Pf+	0/0	0/0	0.0520833333333333	0.0144927536231884	mekomba	S2
24538X238	A59_S2	AA	1	0	4	1	5	1	Pf++	0/1	0/1	0.296670030272452	0.227678571428571	mekomba	S2
24538X24	A446_S1	AA	1	1	2	1	3	1	Pf+++	0/0	0/0	0.0147518998658918	0.0295566502463054	adoum	S1
24538X240	A61_S2	AA	1	1	4	1	4	1	Pf+++	0/0	0/1	0.0210022597368071	0.483870967741935	mekomba	S2
24538X241	A62_S2	AA	1	0	2	1	1	0	Pf+++	0/1	0/1	0.0768718801996672	0.863636363636364	mekomba	S2
24538X242	D38_S1	AS	1	0	2	1	2	1	Pf+	0/1	1/1	0.38125	0.96551724137931	nsimalen	S1
24538X243	A64_S2	AA	1	0	3	1	3	1	Pf++	0/1	0/1	0.494554455445545	0.447598253275109	mekomba	S2
24538X244	A65_S2	AA	1	0	1	0	1	0	Pf+	0/0	0/0	0.0165745856353591	0.00478468899521531	mekomba	S2
24538X245	B447_S1	AA	1	0	2	1	2	1	Pf++++	0/0	0/1	0.0443768996960486	0.754980079681275	ndangueng	S1
24538X246	A68_S2	AA	1	0	1	0	1	0	Pf++	0/0	0/0	0.027027027027027	0.0344827586206897	mekomba	S2
24538X248	C118_S2	AS	1	0	2	1	3	1	Pf+++	1/1	1/1	0.911864406779661	0.953846153846154	ekokoII	S2
24538X25	A447_S1	AS	0	0	NA	NA	NA	NA	Pf+++	NA	NA	NA	NA	adoum	S1
24538X251	B384_S1	AA	1	1	2	1	2	1	Pf++	0/0	0/0	0.00184672206832872	0.075	adoum	S1
24538X252	C143_S2	AA	1	0	2	1	2	1	Pf++	0/1	0/1	0.642335766423358	0.58125	koumouI	S2
24538X253	A82_S2	AA	0	0	NA	NA	NA	NA	Pf+	NA	NA	NA	NA	ekokoII	S2
24538X254	A83_S2	AA	1	1	1	0	1	0	Pf++	0/1	0/1	0.111630625365283	0.099236641221374	ekokoII	S2
24538X255	A84_S2	AS	1	0	1	0	1	0	Pf++++	1/1	1/1	0.998801677651288	0.999349381912817	ekokoII	S2
24538X256	A85_S2	AA	1	1	1	0	1	0	Pf+++	0/1	1/1	0.869294605809129	0.963636363636364	ekokoII	S2
24538X257	A103_S2	AA	1	0	2	1	2	1	Pf+++	0/1	0/1	0.227544910179641	0.381818181818182	ekokoII	S2
24538X258	A104_S2	AS	1	1	2	1	3	1	Pf+	0/1	1/1	0.701382488479263	0.94949494949495	ekokoII	S2
24538X259	A105_S2	AA	1	1	5	1	5	1	Pf++	0/0	0/1	0.00263925545214613	0.187192118226601	ekokoII	S2
24538X26	A450_S1	AA	1	0	4	1	2	1	Pf+++	0/1	0/1	0.119047619047619	0.555555555555556	adoum	S1
24538X260	A106_S2	AA	1	0	2	1	2	1	Pf++	0/0	0/0	0.0166609996599796	0.0131771595900439	ekokoII	S2
24538X261	A107_S2	AA	1	1	4	1	4	1	Pf+++	0/1	0/1	0.372823984526112	0.325333333333333	ekokoII	S2
24538X262	A108_S2	AA	1	0	1	0	1	0	Pf++	0/1	0/0	0.118718592964824	0.0766666666666667	ekokoII	S2
24538X263	A109_S2	AA	1	0	2	1	4	1	Pf+	0/1	0/1	0.080168776371308	0.316831683168317	ekokoII	S2
24538X264	A110_S2	AA	1	0	3	1	2	1	Pf++	0/0	0/1	0.0428816466552316	0.50343878954608	ekokoII	S2
24538X265	A111_S2	AA	1	0	3	1	4	1	Pf+	0/1	0/1	0.11757766417617	0.738700564971751	ekokoII	S2
24538X266	A112_S2	AS	1	0	2	1	3	1	Pf++	0/1	1/1	0.895104895104895	1	ekokoII	S2
24538X267	A113_S2	AA	1	0	4	1	3	1	Pf+++	0/1	0/1	0.149831017649268	0.21763085399449	ekokoII	S2
24538X268	A114_S2	AS	1	0	2	1	1	0	Pf+	0/1	1/1	0.74313408723748	0.98936170212766	ekokoII	S2
24538X269	A115_S2	AA	1	0	3	1	3	1	Pf++	0/0	0/0	0.0331654072208228	0	ekokoII	S2
24538X27	A456_S1	AA	1	0	4	1	2	1	Pf++	0/0	0/0	0.0613905325443787	0.0324324324324324	adoum	S1
24538X270	A116_S2	AS	1	0	NA	NA	1	0	Pf+	1/1	1/1	1	0.916666666666667	ekokoII	S2
24538X271	A117_S2	AA	0	0	NA	NA	NA	NA	Pf++	NA	NA	NA	NA	ekokoII	S2
24538X272	A118_S2	AA	1	0	1	0	1	0	Pf+++	1/1	0/0	0.956140350877193	0	ekokoII	S2
24538X273	A86_S2	AS	1	0	2	1	3	1	Pf+++	1/1	0/1	0.893557422969188	0.804878048780488	ekokoII	S2
24538X274	A87_S2	AA	1	1	1	0	1	0	Pf++	0/0	0/1	0.012987012987013	0.0833333333333333	ekokoII	S2
24538X275	A88_S2	AS	0	0	NA	NA	NA	NA	Pf+	NA	NA	NA	NA	ekokoII	S2
24538X276	A90_S2	AA	1	0	NA	NA	1	0	Pf++	0/1	1/1	0.295454545454545	0.916666666666667	ekokoII	S2
24538X277	A91_S2	AA	1	0	5	1	3	1	Pf++	0/1	0/0	0.534818941504178	0	ekokoII	S2
24538X278	A92_S2	AA	1	0	1	0	1	0	0	0/1	0/1	0.290780141843972	0.611111111111111	ekokoII	S2
24538X279	A93_S2	AA	1	0	1	0	2	1	Pf+++	0/1	0/1	0.200743494423792	0.259259259259259	ekokoII	S2
24538X28	A460_S1	AA	1	0	3	1	2	1	Pf+++	0/0	0/0	0.00347222222222222	0	adoum	S1
24538X280	A94_S2	AA	1	0	3	1	2	1	0	0/0	1/1	0.0406654343807763	0.967032967032967	ekokoII	S2
24538X281	A95_S2	AA	1	0	4	1	4	1	Pf++	0/1	0/1	0.316386010362694	0.325088339222615	ekokoII	S2
24538X282	A96_S2	AA	1	0	2	1	1	0	Pf++++	1/1	1/1	0.999243206054352	0.999043062200957	ekokoII	S2
24538X283	A97_S2	AA	1	0	1	0	1	0	Pf+++	0/0	0/0	0.00409836065573771	0	ekokoII	S2
24538X284	A98_S2	AA	1	1	2	1	4	1	Pf+	0/1	1/1	0.296296296296296	1	ekokoII	S2
24538X285	A99_S2	AA	1	0	3	1	3	1	Pf+++	0/1	0/1	0.110628210193599	0.539617486338798	ekokoII	S2
24538X286	A100_S2	AA	1	0	2	1	3	1	Pf+++	0/0	0/1	0.0814732142857143	0.20952380952381	ekokoII	S2
24538X287	A101_S2	AS	1	1	3	1	3	1	Pf+++	1/1	1/1	0.982572748642295	0.998425196850394	ekokoII	S2
24538X288	A102_S2	AA	1	0	1	0	1	0	Pf+++	1/1	0/0	0.989483933787731	0.0297202797202797	ekokoII	S2
24538X289	A254_S2	AA	1	0	1	0	1	0	Pf++	0/1	0/1	0.11138014527845	0.0980392156862745	koumouI	S2
24538X29	A461_S1	AA	1	0	3	1	2	1	Pf+++	0/0	0/1	0.0625625625625626	0.409142857142857	adoum	S1
24538X290	A183_S3	AS	1	0	4	1	4	1	Pf+	1/1	0/1	0.919925512104283	0.902255639097744	nsimalen	S3
24538X291	A184_S3	AA	1	0	4	1	3	1	Pf+++	0/1	0/1	0.138703527168732	0.264325323475046	nsimalen	S3
24538X292	A185_S3	AA	0	0	NA	NA	NA	NA	Pf+	NA	NA	NA	NA	nsimalen	S3
24538X293	A186_S3	AA	1	0	1	0	3	1	Pf++	0/0	0/1	0.019502353732347	0.0984682713347921	nsimalen	S3
24538X294	A187_S3	AA	0	0	NA	NA	NA	NA	Pf+	NA	NA	NA	NA	nsimalen	S3
24538X295	A188_S3	AA	0	0	NA	NA	NA	NA	0	NA	NA	NA	NA	nsimalen	S3
24538X296	A39_S3	AA	1	0	1	0	1	0	Pf++	0/0	0/1	0.0411255411255411	0.087719298245614	ekokoII	S3
24538X297	A190_S3	AA	0	1	NA	NA	NA	NA	Pf+	NA	NA	NA	NA	nsimalen	S3
24538X298	A191_S3	AS	0	0	NA	NA	NA	NA	0	NA	NA	NA	NA	nsimalen	S3
24538X299	A192_S3	AA	1	0	2	1	3	1	Pf+	0/1	0/1	0.679310344827586	0.608695652173913	nsimalen	S3
24538X3	A401_S1	AA	1	0	NA	NA	1	0	0	0/0	0/1	0.0340909090909091	0.3125	koumouI	S1
24538X30	A463_S1	AA	1	0	1	0	2	1	Pf+++	0/0	0/0	0.037037037037037	0	adoum	S1
24538X300	A193_S3	AA	1	0	2	1	2	1	Pf++	0/0	0/1	0.000288392213410238	0.799744897959184	nsimalen	S3
24538X301	A194_S3	AA	1	0	4	1	2	1	Pf+++	0/0	0/0	0.0235457063711911	0	nsimalen	S3
24538X302	A195_S3	AA	1	0	2	1	2	1	Pf+++	0/1	0/1	0.249124172829895	0.329495128432241	nsimalen	S3
24538X303	A196_S3	AA	0	0	NA	NA	NA	NA	0	NA	NA	NA	NA	nsimalen	S3
24538X304	A197_S3	AS	1	0	3	1	2	1	0	1/1	1/1	0.99163179916318	0.982248520710059	nsimalen	S3
24538X305	A214_S3	AA	1	0	1	0	1	0	Pf++	1/1	1/1	0.964772727272727	0.966442953020134	nsimalen	S3
24538X306	A215_S3	AA	1	0	4	1	3	1	Pf+++	0/0	0/1	0.0424628450106157	0.661016949152542	nsimalen	S3
24538X307	A216_S3	AA	1	0	2	1	4	1	Pf+	0/0	0/1	0.0594900849858357	0.0845070422535211	nsimalen	S3
24538X308	A217_S3	AA	1	0	4	1	2	1	Pf+++	0/0	0/1	0.0136986301369863	0.287234042553192	nsimalen	S3
24538X309	A218_S3	AS	1	1	1	0	1	0	Pf+	0/0	0/0	0.0314465408805031	0	nsimalen	S3
24538X31	A485_S1	AA	1	0	NA	NA	NA	NA	Pf+++	0/1	0/0	0.192307692307692	0	ndangueng	S1
24538X310	A219_S3	AS	0	0	NA	NA	NA	NA	Pf++	NA	NA	NA	NA	nsimalen	S3
24538X311	A220_S3	AA	1	0	1	0	1	0	Pf++	0/1	0/1	0.0862482031624341	0.100591715976331	nsimalen	S3
24538X312	A221_S3	AA	0	0	NA	NA	NA	NA	Pf+	NA	NA	NA	NA	nsimalen	S3
24538X313	A222_S3	AA	1	0	1	0	1	0	Pf++	1/1	1/1	0.994731643068818	0.998484848484849	nsimalen	S3
24538X314	A223_S3	AA	1	0	2	1	2	1	Pf++	1/1	0/1	0.994505494505495	0.943181818181818	nsimalen	S3
24538X315	A224_S3	AA	0	0	NA	NA	NA	NA	0	NA	NA	NA	NA	nsimalen	S3
24538X316	A225_S3	AS	0	0	NA	NA	NA	NA	0	NA	NA	NA	NA	nsimalen	S3
24538X317	A226_S3	AA	1	0	5	1	3	1	Pf+	0/0	0/1	0.0247840781073977	0.269487750556793	nsimalen	S3
24538X318	A227_S3	AA	1	0	3	1	3	1	Pf+	0/1	0/1	0.34514964975589	0.759055118110236	nsimalen	S3
24538X319	A228_S3	AS	1	0	1	0	1	0	Pf+	1/1	1/1	0.983036227717079	0.991130820399113	nsimalen	S3
24538X32	A488_S1	AS	1	0	1	0	1	0	Pf+++	1/1	1/1	0.996058558558559	0.995297805642633	ndangueng	S1
24538X320	A229_S3	AA	1	0	1	0	4	1	0	0/1	0/1	0.5390625	0.448275862068966	nsimalen	S3
24538X321	A198_S3	AA	1	0	1	0	1	0	Pf++++	0/0	0/1	0.0167844104120241	0.0917116233447769	nsimalen	S3
24538X322	A199_S3	AA	0	1	NA	NA	NA	NA	Pf++	NA	NA	NA	NA	nsimalen	S3
24538X323	A200_S3	AS	0	0	NA	NA	NA	NA	0	NA	NA	NA	NA	nsimalen	S3
24538X324	A201_S3	AA	0	1	NA	NA	NA	NA	Pf+	NA	NA	NA	NA	nsimalen	S3
24538X325	A202_S3	AS	0	0	NA	NA	NA	NA	0	NA	NA	NA	NA	nsimalen	S3
24538X326	A203_S3	AA	1	0	NA	NA	NA	NA	0	0/0	0/1	0	0.333333333333333	nsimalen	S3
24538X327	A204_S3	AS	0	0	NA	NA	NA	NA	0	NA	NA	NA	NA	nsimalen	S3
24538X328	A205_S3	AA	0	0	NA	NA	NA	NA	0	NA	NA	NA	NA	nsimalen	S3
24538X33	B96_S1	AA	1	0	1	0	1	0	0	0/0	0/0	0.0359281437125748	0	mekomba	S1
24538X330	A207_S3	AA	1	0	1	0	1	0	0	1/1	1/1	0.93888166449935	1	nsimalen	S3
24538X331	A208_S3	AA	1	0	2	1	3	1	0	0/1	0/1	0.389380530973451	0.483221476510067	nsimalen	S3
24538X332	A209_S3	AA	1	0	3	1	2	1	Pf++	0/0	0/1	0.0497959183673469	0.070545121392579	nsimalen	S3
24538X333	A210_S3	AA	0	0	NA	NA	NA	NA	Pf+	NA	NA	NA	NA	nsimalen	S3
24538X334	A211_S3	AA	1	0	2	1	2	1	Pf+++	0/0	0/0	0.00875935658544354	0.00432900432900433	nsimalen	S3
24538X335	A212_S3	AA	0	0	NA	NA	NA	NA	0	NA	NA	NA	NA	nsimalen	S3
24538X336	A213_S3	AS	0	0	NA	NA	NA	NA	0	NA	NA	NA	NA	nsimalen	S3
24538X337	A265_S3	AA	1	1	3	1	1	0	0	0/1	0/1	0.215753424657534	0.277777777777778	nkassomo	S3
24538X338	A266_S3	AA	0	0	NA	NA	NA	NA	Pf+	NA	NA	NA	NA	nkassomo	S3
24538X339	A267_S3	AA	1	0	4	1	4	1	Pf+++	0/1	0/1	0.271954674220963	0.333333333333333	nkassomo	S3
24538X34	B105_S1	AS	1	0	1	0	2	1	Pf+	1/1	1/1	0.994871794871795	1	mekomba	S1
24538X340	A268_S3	AA	1	1	3	1	2	1	Pf+	0/1	0/1	0.440886699507389	0.649122807017544	nkassomo	S3
24538X341	A269_S3	AA	0	0	NA	NA	NA	NA	0	NA	NA	NA	NA	nkassomo	S3
24538X342	A270_S3	AA	0	0	NA	NA	NA	NA	Pf++	NA	NA	NA	NA	nkassomo	S3
24538X343	A271_S3	AA	0	0	NA	NA	NA	NA	Pf++	NA	NA	NA	NA	nkassomo	S3
24538X344	A272_S3	AA	1	0	1	0	1	0	0	0/1	0/1	0.77319587628866	0.846153846153846	nkassomo	S3
24538X345	A273_S3	AA	0	0	NA	NA	NA	NA	Pf+	NA	NA	NA	NA	nkassomo	S3
24538X346	A274_S3	AA	1	0	1	0	2	1	0	0/0	0/1	0	0.705882352941177	nkassomo	S3
24538X347	A276_S3	AA	1	0	1	0	1	0	Pf++	0/0	0/1	0.00844390832328106	0.0731707317073171	nkassomo	S3
24538X348	A277_S3	AA	1	0	2	1	3	1	Pf+	0/0	0/0	0.0479302832244009	0.0350467289719626	nkassomo	S3
24538X349	A278_S3	AA	1	0	3	1	2	1	Pf+	1/1	0/1	0.952299829642249	0.898305084745763	nkassomo	S3
24538X35	B106_S1	AA	0	0	NA	NA	NA	NA	Pf+	NA	NA	NA	NA	mekomba	S1
24538X350	A279_S3	AS	0	0	NA	NA	NA	NA	Pf++	NA	NA	NA	NA	nkassomo	S3
24538X351	A280_S3	AA	0	0	NA	NA	NA	NA	Pf+	NA	NA	NA	NA	nkassomo	S3
24538X352	A281_S3	AA	0	0	NA	NA	NA	NA	0	NA	NA	NA	NA	nkassomo	S3
24538X353	A230_S3	AA	1	0	3	1	3	1	Pf+++	0/0	0/0	0.000672494956287828	0	nsimalen	S3
24538X354	A231_S3	AA	1	0	2	1	2	1	0	0/0	0/1	0.00617283950617284	0.08	nsimalen	S3
24538X355	A232_S3	AA	1	0	2	1	3	1	Pf+++	0/1	0/1	0.100291445225441	0.1	nsimalen	S3
24538X356	A233_S3	AA	1	0	NA	NA	NA	NA	0	0/1	./.	0.405405405405405	1	nsimalen	S3
24538X357	A234_S3	AA	0	0	NA	NA	NA	NA	Pf+++	NA	NA	NA	NA	nsimalen	S3
24538X358	A235_S3	AA	1	0	2	1	2	1	Pf+	0/1	0/1	0.444723618090452	0.362903225806452	nsimalen	S3
24538X359	A236_S3	AA	1	0	2	1	3	1	Pf+	0/0	0/1	0.0674518201284797	0.104395604395604	nsimalen	S3
24538X360	A237_S3	AA	1	0	1	0	2	1	Pf++	0/0	0/0	0.0103529411764706	0.00940438871473354	nsimalen	S3
24538X363	A240_S3	AA	0	0	NA	NA	NA	NA	0	NA	NA	NA	NA	nsimalen	S3
24538X364	A241_S3	AA	0	0	NA	NA	NA	NA	0	NA	NA	NA	NA	nsimalen	S3
24538X365	A242_S3	AA	0	0	NA	NA	NA	NA	Pf++	NA	NA	NA	NA	nsimalen	S3
24538X366	A262_S3	AA	0	0	NA	NA	NA	NA	Pf++++	NA	NA	NA	NA	nkassomo	S3
24538X367	A263_S3	AA	1	0	1	0	2	1	Pf++	0/0	0/0	0.0353982300884956	0.051948051948052	nkassomo	S3
24538X368	A264_S3	AA	1	0	3	1	3	1	0	1/1	1/1	0.983685220729367	0.927953890489914	nkassomo	S3
24538X369	A282_S3	AA	0	0	NA	NA	NA	NA	0	NA	NA	NA	NA	nkassomo	S3
24538X37	B122_S1	AS	1	0	2	1	2	1	Pf+++	1/1	1/1	0.969441517386723	1	mekomba	S1
24538X370	A283_S3	AA	1	1	1	0	1	0	Pf+	0/1	0/1	0.87741935483871	0.764705882352941	nkassomo	S3
24538X371	A284_S3	AA	0	0	NA	NA	NA	NA	Pf+	NA	NA	NA	NA	nkassomo	S3
24538X372	A285_S3	AA	1	1	3	1	3	1	Pf+	0/1	0/1	0.137766801905098	0.610789980732177	nkassomo	S3
24538X374	A287_S3	AA	1	0	2	1	1	0	0	0/1	0/0	0.61609907120743	0	nkassomo	S3
24538X375	A289_S3	AA	1	0	3	1	3	1	0	0/0	0/1	0.0177705977382876	0.166666666666667	nkassomo	S3
24538X376	A290_S3	AA	1	0	2	1	3	1	0	0/1	0/1	0.517006802721088	0.346153846153846	nkassomo	S3
24538X378	A292_S3	AA	1	0	2	1	1	0	Pf+++	0/0	0/0	0	0	nkassomo	S3
24538X379	A293_S3	AA	0	0	NA	NA	NA	NA	Pf+	NA	NA	NA	NA	nkassomo	S3
24538X38	B123_S1	AA	1	0	3	1	2	1	Pf++	0/0	0/0	0.00469613259668508	0.0072992700729927	mekomba	S1
24538X380	A294_S3	AA	1	0	2	1	2	1	0	0/0	0/0	0.0407407407407407	0.0645161290322581	nkassomo	S3
24538X381	A295_S3	AA	1	1	1	0	2	1	Pf+++	0/1	0/1	0.0630966239813737	0.0944206008583691	nkassomo	S3
24538X382	A296_S3	AA	1	0	2	1	3	1	Pf++++	0/0	0/0	0.00114025085518814	0.00249376558603491	nkassomo	S3
24538X383	C381_S1	AA	1	1	4	1	3	1	Pf++	0/0	0/1	0.0875085792724777	0.140311804008909	nsimalen	S1
24538X384	A298_S3	AA	1	0	1	0	1	0	0	0/0	0/0	0.0262529832935561	0.0206185567010309	nkassomo	S3
24538X39	A420_S1	AA	1	0	2	1	2	1	0	0/0	0/0	0.00551065393093314	0.004149377593361	koumouI	S1
24538X4	A403_S1	AS	1	1	1	0	1	0	Pf+	0/1	0/1	0.757009345794392	0.866666666666667	koumouI	S1
24538X40	B145_S1	AA	0	0	NA	NA	NA	NA	0	NA	NA	NA	NA	ekokoII	S1
24538X41	B149_S1	AA	0	1	NA	NA	NA	NA	Pf+++	NA	NA	NA	NA	ekokoII	S1
24538X42	B150_S1	AA	0	0	NA	NA	NA	NA	Pf++	NA	NA	NA	NA	ekokoII	S1
24538X43	B153_S1	AA	1	1	1	0	3	1	Pf+	0/1	0/1	0.170731707317073	0.0679611650485437	ekokoII	S1
24538X44	B154_S1	AA	1	0	1	0	1	0	Pf+++	0/0	0/0	0.0056782334384858	0	ekokoII	S1
24538X45	B157_S1	AS	1	1	NA	NA	1	0	Pf+	1/1	0/1	0.931034482758621	0.914285714285714	ekokoII	S1
24538X46	B188_S1	AA	0	0	NA	NA	NA	NA	Pf+	NA	NA	NA	NA	ekokoII	S1
24538X47	B200_S1	AA	1	0	2	1	1	0	Pf++++	1/1	1/1	0.982220396667058	0.988357050452781	ekokoII	S1
24538X48	B211_S1	AA	1	0	2	1	2	1	Pf++	0/1	0/1	0.610161290322581	0.630563798219585	ekokoII	S1
24538X49	A490_S1	AS	0	0	NA	NA	NA	NA	0	NA	NA	NA	NA	ndangueng	S1
24538X5	A405_S1	AA	0	0	NA	NA	NA	NA	Pf+	NA	NA	NA	NA	koumouI	S1
24538X50	B43_S1	AA	1	0	NA	NA	NA	NA	Pf++	0/1	0/1	0.127272727272727	0.181818181818182	nkassomo	S1
24538X51	B44_S1	AS	0	0	NA	NA	NA	NA	Pf++	NA	NA	NA	NA	nkassomo	S1
24538X52	B46_S1	AA	0	0	NA	NA	NA	NA	0	NA	NA	NA	NA	nkassomo	S1
24538X53	B48_S1	AA	1	0	6	1	4	1	Pf+++	0/1	0/1	0.160628844839371	0.202830188679245	nkassomo	S1
24538X54	B52_S1	AS	1	0	1	0	NA	NA	Pf++	0/1	1/1	0.914728682170543	1	nkassomo	S1
24538X55	B53_S1	AA	0	1	NA	NA	NA	NA	Pf++	NA	NA	NA	NA	nkassomo	S1
24538X56	B54_S1	AA	1	0	2	1	2	1	Pf+++	0/0	0/1	0.0757815591610606	0.0969162995594714	nkassomo	S1
24538X57	B55_S1	AA	0	0	NA	NA	NA	NA	Pf+	NA	NA	NA	NA	nkassomo	S1
24538X58	B56_S1	AA	0	0	NA	NA	NA	NA	Pf++	NA	NA	NA	NA	nkassomo	S1
24538X59	B57_S1	AA	1	0	4	1	4	1	Pf+++	0/0	0/0	0.048	0	nkassomo	S1
24538X6	A406_S1	AA	1	1	3	1	4	1	Pf+	0/0	0/1	0.0497893527384144	0.384353741496599	koumouI	S1
24538X60	B58_S1	AA	1	1	2	1	2	1	Pf++	0/0	0/1	0.0338983050847458	0.0882352941176471	nkassomo	S1
24538X61	B59_S1	AA	0	0	NA	NA	NA	NA	Pf++	NA	NA	NA	NA	nkassomo	S1
24538X62	B60_S1	AS	1	0	1	0	1	0	Pf+++	1/1	1/1	0.921739130434783	0.945945945945946	nkassomo	S1
24538X63	B90_S1	AA	0	0	NA	NA	NA	NA	Pf++	NA	NA	NA	NA	mekomba	S1
24538X64	B92_S1	AA	1	0	4	1	3	1	Pf+++	0/1	0/1	0.340925789860397	0.336633663366337	mekomba	S1
24538X66	A310_S1	AS	1	0	3	1	3	1	Pf++	1/1	0/1	0.952970297029703	0.548387096774194	metet	S1
24538X67	B226_S1	AA	1	0	2	1	1	0	Pf+++	0/0	0/0	0.0106809078771696	0.0126582278481013	ekokoII	S1
24538X68	B228_S1	AS	0	0	NA	NA	NA	NA	0	NA	NA	NA	NA	ekokoII	S1
24538X69	B231_S1	AA	1	0	2	1	5	1	Pf+++	0/0	0/0	0.00387596899224806	0	ekokoII	S1
24538X7	A407_S1	AA	1	0	1	0	2	1	0	0/1	0/1	0.11531190926276	0.133333333333333	koumouI	S1
24538X70	B232_S1	AS	1	0	2	1	3	1	Pf+	0/1	1/1	0.904306220095694	0.966101694915254	ekokoII	S1
24538X71	B234_S1	AA	1	0	3	1	5	1	Pf++	0/1	0/1	0.138888888888889	0.0987654320987654	ekokoII	S1
24538X72	B235_S1	AA	1	0	4	1	4	1	Pf+	0/0	0/0	0.0308219178082192	0	ekokoII	S1
24538X73	B242_S1	AA	1	0	3	1	2	1	Pf+++	0/1	0/1	0.811903853491034	0.896	metet	S1
24538X74	B244_S1	AA	0	1	NA	NA	NA	NA	Pf+	NA	NA	NA	NA	metet	S1
24538X75	B250_S1	AA	0	0	NA	NA	NA	NA	0	NA	NA	NA	NA	metet	S1
24538X76	B252_S1	AA	0	1	NA	NA	NA	NA	Pf+	NA	NA	NA	NA	metet	S1
24538X77	B254_S1	AS	1	0	2	1	5	1	0	0/1	0/1	0.114644351464435	0.306603773584906	metet	S1
24538X78	B255_S1	AA	1	0	1	0	2	1	0	0/0	0/0	0.0664206642066421	0	metet	S1
24538X79	B256_S1	AA	0	1	NA	NA	NA	NA	Pf+	NA	NA	NA	NA	metet	S1
24538X8	A408_S1	AA	1	0	4	1	3	1	0	0/0	0/1	0.0436456996148909	0.125	koumouI	S1
24538X80	B259_S1	AA	1	0	1	0	1	0	0	0/1	0/1	0.2	0.25	metet	S1
24538X81	B283_S1	AA	1	0	2	1	2	1	Pf+++	0/1	0/1	0.791505791505791	0.69811320754717	koumouI	S1
24538X82	B284_S1	AS	1	0	4	1	4	1	Pf+++	1/1	1/1	0.995660036166365	1	koumouI	S1
24538X83	B285_S1	AS	0	0	NA	NA	NA	NA	0	NA	NA	NA	NA	koumouI	S1
24538X84	B288_S1	AA	0	0	NA	NA	NA	NA	Pf+	NA	NA	NA	NA	koumouI	S1
24538X85	B289_S1	AA	1	0	5	1	2	1	Pf+++	0/1	0/1	0.23010752688172	0.254807692307692	koumouI	S1
24538X86	B290_S1	AS	1	0	2	1	2	1	Pf+++	0/1	1/1	0.851573187414501	0.995145631067961	koumouI	S1
24538X87	B291_S1	AA	1	1	2	1	3	1	Pf+	0/1	0/1	0.129098360655738	0.25	koumouI	S1
24538X88	B292_S1	AA	1	0	2	1	3	1	0	0/1	0/0	0.171140939597315	0.0212765957446809	koumouI	S1
24538X9	A409_S1	AA	1	0	1	0	1	0	0	0/1	0/1	0.835266821345708	0.887096774193548	koumouI	S1
24538X90	B294_S1	AA	1	0	1	0	NA	NA	Pf+	0/0	0/0	0.0425531914893617	0	koumouI	S1
24538X91	B297_S1	AA	1	0	4	1	5	1	Pf+++	0/0	0/1	0.0243632336655592	0.0697674418604651	koumouI	S1
24538X92	B298_S1	AS	0	0	NA	NA	NA	NA	Pf+	NA	NA	NA	NA	koumouI	S1
24538X94	B301_S1	AA	1	0	3	1	4	1	Pf+	0/0	0/0	0.00381679389312977	0	koumouI	S1
24538X95	B303_S1	AA	0	0	NA	NA	NA	NA	0	NA	NA	NA	NA	koumouI	S1
24538X96	B304_S1	AS	1	0	1	0	1	0	0	0/1	0/1	0.758992805755396	0.857142857142857	koumouI	S1
24538X97	A84_S3	AA	1	0	2	1	2	1	Pf+++	0/0	0/0	0.00658895083628991	0	ekokoII	S3
24538X98	A85_S3	AA	0	0	NA	NA	NA	NA	0	NA	NA	NA	NA	ekokoII	S3
24538X99	A86_S3	AA	1	0	2	1	1	0	Pf++	1/1	0/1	0.987164059366225	0.626865671641791	ekokoII	S3
25631X1	C415_S1	AA	0	0	NA	NA	NA	NA	Pf+++	NA	NA	NA	NA	nsimalen	S1
25631X10	C394_S1	AS	1	0	1	0	1	0	Pf+	0/0	1/1	0.0608308605341246	0.985185185185185	nsimalen	S1
25631X100	B379_S1	AA	1	1	2	1	2	1	Pf++	0/0	0/0	0.0163339382940109	0.00529100529100529	adoum	S1
25631X101	D185_S1	AA	1	1	NA	NA	3	1	Pf++	0/1	0/0	0.449612403100775	0.0125	ekaliII	S1
25631X102	C218_S1	AA	1	1	1	0	1	0	Pf+	0/0	0/1	0.0275229357798165	0.862068965517241	koumouI	S1
25631X103	C69_S2	AS	1	1	1	0	2	1	0	0/1	1/1	0.770358306188925	0.975903614457831	ekokoII	S2
25631X104	A228_S2	AS	1	1	2	1	2	1	Pf++	1/1	0/1	0.85972850678733	0.886363636363636	koumouI	S2
25631X105	B64_S3	AS	1	1	3	1	2	1	0	0/1	1/1	0.538461538461538	0.933333333333333	ekokoII	S3
25631X106	B26_S3	AA	1	1	4	1	3	1	0	0/0	0/0	0.0540915395284327	0	ekokoII	S3
25631X107	C6_S2	AA	1	1	3	1	2	1	Pf+++	0/0	0/1	0.0516810758885687	0.312107760600031	nkassomo	S2
25631X109	D140_S1	AS	1	0	2	1	3	1	Pf++	1/1	1/1	0.96961170512099	0.986615678776291	nsimalen	S1
25631X11	C389_S1	AA	1	0	1	0	4	1	Pf++	0/1	0/1	0.730569948186529	0.630952380952381	nsimalen	S1
25631X110	D211_S1	AA	1	0	2	1	2	1	Pf+++	0/0	0/0	0.00100596874790423	0	ekaliII	S1
25631X111	D240_S1	AA	1	1	4	1	3	1	Pf++	0/1	0/1	0.210676446617767	0.246135552913199	ekaliII	S1
25631X113	D242_S1	AA	1	0	3	1	1	0	Pf++	0/0	0/0	0.00483304042179262	0.00188679245283019	ekaliII	S1
25631X114	D243_S1	AA	1	0	2	1	4	1	Pf+	0/1	0/0	0.143741670937981	0.0807302231237323	ekaliII	S1
25631X115	D245_S1	AA	1	0	2	1	2	1	0	0/1	0/1	0.901916713491915	0.882309400444115	ekaliII	S1
25631X116	D266_S1	AA	1	0	1	0	1	0	Pf+++	0/0	0/0	0.000664960606121668	0.0279380504099605	ekaliII	S1
25631X117	D267_S1	AA	1	0	2	1	4	1	Pf++++	0/1	0/1	0.184666226040978	0.184708737864078	ekaliII	S1
25631X119	A444_S1	AA	1	0	3	1	2	1	Pf+	0/1	0/1	0.351851851851852	0.24	adoum	S1
25631X12	C386_S1	AS	1	0	1	0	NA	NA	Pf++	0/1	1/1	0.842105263157895	0.98	nsimalen	S1
25631X13	C383_S1	AA	0	0	NA	NA	NA	NA	0	NA	NA	NA	NA	nsimalen	S1
25631X14	C416_S1	AA	1	0	3	1	3	1	Pf++	0/0	0/1	0.0706972208678693	0.121359223300971	nsimalen	S1
25631X15	C419_S1	AA	0	0	NA	NA	NA	NA	Pf+	NA	NA	NA	NA	nsimalen	S1
25631X16	C421_S1	AA	1	0	1	0	2	1	Pf++	0/0	./.	0.05	1	nsimalen	S1
25631X17	C476_S1	AA	1	1	2	1	2	1	Pf++	0/0	0/0	0.0434150657229525	0.0250354274917336	ndangueng	S1
25631X19	C481_S1	AA	1	0	3	1	4	1	Pf+++	0/0	0/0	0.00111731843575419	0	ndangueng	S1
25631X2	C414_S1	AA	1	0	4	1	3	1	Pf++	0/0	0/1	0.0593998775260257	0.336099585062241	nsimalen	S1
25631X20	C484_S1	AA	1	0	2	1	4	1	Pf+++	0/1	0/1	0.37404641451859	0.322692307692308	ndangueng	S1
25631X21	C489_S1	AA	1	0	3	1	2	1	Pf++	0/1	0/1	0.598932067635716	0.532994923857868	ndangueng	S1
25631X22	D1_S1	AA	0	0	NA	NA	NA	NA	0	NA	NA	NA	NA	nsimalen	S1
25631X23	D4_S1	AS	1	0	3	1	2	1	Pf++	1/1	1/1	0.992193598750976	0.995107632093933	nsimalen	S1
25631X24	D5_S1	AA	1	0	2	1	2	1	Pf+++	0/0	0/0	0.00144404332129964	0	nsimalen	S1
25631X25	D6_S1	AS	1	0	1	0	1	0	Pf+++	1/1	1/1	0.987623762376238	0.943396226415094	nsimalen	S1
25631X26	D8_S1	AA	1	0	1	0	1	0	Pf++	1/1	0/1	0.946949602122016	0.661111111111111	nsimalen	S1
25631X27	E53_S1	AA	1	1	3	1	3	1	Pf+++	0/0	0/1	0.0494590417310665	0.0931372549019608	ekaliII	S1
25631X28	D12_S1	AS	1	0	2	1	2	1	Pf++	0/1	1/1	0.127853881278539	0.962365591397849	nsimalen	S1
25631X29	D13_S1	AA	1	0	6	1	4	1	Pf+	0/1	0/1	0.200902934537246	0.159574468085106	nsimalen	S1
25631X30	D19_S1	AA	1	0	3	1	3	1	Pf+	0/1	0/1	0.31358024691358	0.368421052631579	nsimalen	S1
25631X31	D28_S1	AS	1	0	1	0	1	0	0	0/1	0/1	0.522222222222222	0.857142857142857	nsimalen	S1
25631X32	D35_S1	AA	1	0	2	1	3	1	Pf++	0/1	0/1	0.163931788931789	0.201540436456996	nsimalen	S1
25631X33	D108_S1	AA	0	0	NA	NA	NA	NA	Pf+	NA	NA	NA	NA	nsimalen	S1
25631X34	E67_S1	AS	1	1	1	0	1	0	Pf++	0/1	1/1	0.76271186440678	1	mfida	S1
25631X35	D71_S1	AA	0	0	NA	NA	NA	NA	Pf++	NA	NA	NA	NA	nsimalen	S1
25631X36	D100_S1	AA	1	0	2	1	2	1	Pf+++	0/0	0/0	0.00391608391608392	0.000531067445565587	nsimalen	S1
25631X37	C422_S1	AS	1	0	1	0	1	0	Pf++	0/1	1/1	0.850704225352113	0.96	nsimalen	S1
25631X38	C423_S1	AA	1	1	1	0	1	0	Pf++	0/0	0/0	0.00108049702863317	0.058974358974359	nsimalen	S1
25631X39	C462_S1	AA	1	1	3	1	3	1	Pf+++	0/0	0/0	0.0409610082709728	0.0666666666666667	ndangueng	S1
25631X40	C466_S1	AA	1	0	3	1	2	1	Pf++	0/0	0/1	0.0559282751890705	0.177093358999038	ndangueng	S1
25631X41	C468_S1	AA	1	0	1	0	1	0	0	1/1	1/1	0.991708889912483	0.992592592592593	ndangueng	S1
25631X43	D128_S1	AA	0	0	NA	NA	NA	NA	Pf+	NA	NA	NA	NA	nsimalen	S1
25631X44	C470_S1	AA	1	0	4	1	3	1	Pf+++	0/1	0/1	0.129322051603468	0.111177525403467	ndangueng	S1
25631X45	D69_S1	AA	1	0	1	0	1	0	Pf+++	0/0	0/0	0.0078740157480315	0	nsimalen	S1
25631X46	C472_S1	AA	0	0	NA	NA	NA	NA	Pf++	NA	NA	NA	NA	ndangueng	S1
25631X47	C473_S1	AA	1	0	4	1	4	1	Pf++	0/0	0/1	0.0197044334975369	0.0854751942618051	ndangueng	S1
25631X48	C475_S1	AS	0	0	NA	NA	NA	NA	0	NA	NA	NA	NA	ndangueng	S1
25631X49	D37_S1	AA	1	0	1	0	1	0	Pf+	0/1	0/1	0.455696202531646	0.818181818181818	nsimalen	S1
25631X5	C410_S1	AA	0	0	NA	NA	NA	NA	Pf+	NA	NA	NA	NA	nsimalen	S1
25631X50	E68_S1	AS	1	0	3	1	3	1	Pf+	1/1	1/1	0.91044776119403	1	mfida	S1
25631X51	D63_S1	AA	1	1	1	0	NA	NA	Pf+	0/1	0/1	0.395522388059701	0.266666666666667	nsimalen	S1
25631X52	D51_S1	AA	0	0	NA	NA	NA	NA	0	NA	NA	NA	NA	nsimalen	S1
25631X53	D52_S1	AA	1	0	1	0	1	0	0	0/0	0/0	0.0384615384615385	0.0140845070422535	nsimalen	S1
25631X54	D62_S1	AA	1	1	1	0	1	0	Pf++	0/0	0/0	0	0	nsimalen	S1
25631X55	D56_S1	AA	0	0	NA	NA	NA	NA	0	NA	NA	NA	NA	nsimalen	S1
25631X56	A251_S1	AA	1	0	1	0	2	1	Pf++	0/0	0/0	0.00101908467667223	0.0625	ekokoII	S1
25631X57	C401_S1	AS	0	0	NA	NA	NA	NA	0	NA	NA	NA	NA	nsimalen	S1
25631X58	C405_S1	AA	1	0	2	1	2	1	Pf+++	0/0	0/0	0.00318809776833156	0.0050251256281407	nsimalen	S1
25631X59	C417_S1	AA	0	0	NA	NA	NA	NA	Pf++	NA	NA	NA	NA	nsimalen	S1
25631X6	C406_S1	AA	1	0	4	1	3	1	Pf+	0/1	0/0	0.103875968992248	0.00224215246636771	nsimalen	S1
25631X60	C471_S1	AA	0	0	NA	NA	NA	NA	0	NA	NA	NA	NA	ndangueng	S1
25631X61	D48_S1	AA	1	0	2	1	2	1	Pf+++	0/0	0/0	0.00968439256377	0.0793078586878154	nsimalen	S1
25631X62	D55_S1	AS	1	0	1	0	1	0	Pf+++	1/1	1/1	0.998033958891868	0.994712491738268	nsimalen	S1
25631X63	D101_S1	AA	1	0	1	0	2	1	Pf+++	0/0	0/0	0.00838524197412554	0.0402886349969934	nsimalen	S1
25631X64	A104_S1	AS	1	0	2	1	4	1	Pf+++	1/1	1/1	0.99379129188888	0.997425997425997	mekomba	S1
25631X65	D239_S1	AS	1	1	2	1	4	1	Pf++	1/1	1/1	0.962049335863378	1	ekaliII	S1
25631X67	D265_S1	AA	0	0	NA	NA	NA	NA	Pf++	NA	NA	NA	NA	ekaliII	S1
25631X68	D33_S1	AA	1	0	2	1	3	1	Pf+++	0/1	0/1	0.242162345365192	0.245220282626766	nsimalen	S1
25631X69	C385_S1	AA	1	0	2	1	1	0	0	0/1	0/1	0.325714285714286	0.428571428571429	nsimalen	S1
25631X70	A250_S1	AA	0	0	NA	NA	NA	NA	0	NA	NA	NA	NA	ekokoII	S1
25631X71	A458_S1	AA	1	0	1	0	1	0	Pf+	0/1	0/1	0.845814977973568	0.113333333333333	adoum	S1
25631X72	C387_S1	AA	1	1	1	0	1	0	Pf++	0/1	1/1	0.113243980009087	0.996615268898082	nsimalen	S1
25631X73	D143_S1	AA	1	0	4	1	3	1	Pf+++	0/0	0/1	0.0157604412923562	0.18125	nsimalen	S1
25631X74	D147_S1	AA	1	0	2	1	2	1	Pf+++	0/0	0/1	0.004	0.514680483592401	nsimalen	S1
25631X75	E72_S1	AA	1	1	3	1	2	1	Pf+++	0/0	0/1	0.0081374321880651	0.111111111111111	mfida	S1
25631X76	D181_S1	AA	1	0	2	1	2	1	Pf+	0/0	0/1	0.0633245382585752	0.273972602739726	ekaliII	S1
25631X77	E74_S1	AA	1	0	1	0	3	1	0	0/0	0/0	0.0281065088757396	0.024390243902439	mfida	S1
25631X78	D202_S1	AA	1	0	3	1	3	1	Pf+++	0/0	0/0	0.00307692307692308	0	ekaliII	S1
25631X79	D204_S1	AA	1	0	2	1	1	0	Pf+++	0/1	0/1	0.753035582303875	0.776627218934911	ekaliII	S1
25631X8	C402_S1	AA	1	0	2	1	2	1	Pf+++	0/0	0/0	0.00721122328569555	0.0742913000977517	nsimalen	S1
25631X80	D233_S1	AA	1	1	2	1	2	1	Pf++	0/0	0/1	0.0199915528649866	0.13302034428795	ekaliII	S1
25631X81	C347_S1	AA	1	0	2	1	3	1	Pf+++	0/0	0/1	0.0278128950695322	0.180851063829787	ndangueng	S1
25631X82	D270_S1	AA	1	0	2	1	2	1	Pf+++	0/0	0/0	0.0247343668350462	0.0394036208732694	ekaliII	S1
25631X83	D262_S1	AS	0	0	NA	NA	NA	NA	0	NA	NA	NA	NA	ekaliII	S1
25631X84	D264_S1	AA	1	0	5	1	3	1	Pf++	0/0	0/0	0.0309653916211293	0	ekaliII	S1
25631X85	D269_S1	AA	1	0	2	1	3	1	Pf++	0/1	0/1	0.482191210164549	0.410334346504559	ekaliII	S1
25631X86	D261_S1	AA	1	0	5	1	5	1	Pf+++	0/1	0/1	0.140111420612813	0.173184357541899	ekaliII	S1
25631X87	D271_S1	AA	1	0	2	1	2	1	Pf+++	0/0	0/0	0.00500834724540901	0	ekaliII	S1
25631X88	D136_S1	AA	1	1	3	1	2	1	Pf+++	0/1	0/1	0.394118848274454	0.343957503320053	nsimalen	S1
25631X89	E101_S1	AS	1	0	4	1	3	1	Pf++	0/1	1/1	0.857324840764331	0.988235294117647	mfida	S1
25631X9	E46_S1	AS	1	0	2	1	4	1	Pf+	0/1	1/1	0.809421841541756	0.991525423728814	ekaliII	S1
25631X90	E80_S1	AA	1	0	1	0	1	0	Pf+++	0/0	0/0	0.089527027027027	0	mfida	S1
25631X91	E104_S1	AA	1	0	4	1	4	1	Pf+++	0/1	0/1	0.139726807057484	0.390438247011952	mfida	S1
25631X92	E97_S1	AA	1	1	3	1	3	1	Pf+++	0/0	0/0	0	0.0240963855421687	mfida	S1
25631X93	E98_S1	AS	1	0	2	1	3	1	Pf+	1/1	1/1	0.967083206339531	0.968926553672316	mfida	S1
25631X94	D146_S1	AA	1	0	1	0	1	0	0	1/1	0/0	0.93348623853211	0	nsimalen	S1
25631X95	C142_S1	AA	1	1	4	1	3	1	Pf++	0/0	0/1	0.0335365853658537	0.0769230769230769	ekokoII	S1
25631X96	D189_S1	AA	1	0	2	1	2	1	Pf+++	0/1	0/1	0.214917766967802	0.398174157303371	ekaliII	S1
25631X99	A367_S1	AA	1	1	3	1	4	1	Pf++	0/0	0/0	0.00310860695550806	0.00157604412923562	koumouI	S1
